"Brewery_ID","BreweryName","City","State"
1,"NorthGate Brewing","Minneapolis","MN"
1,"NorthGate Brewing","Minneapolis","MN"
1,"NorthGate Brewing","Minneapolis","MN"
1,"NorthGate Brewing","Minneapolis","MN"
1,"NorthGate Brewing","Minneapolis","MN"
1,"NorthGate Brewing","Minneapolis","MN"
2,"Against the Grain Brewery","Louisville","KY"
2,"Against the Grain Brewery","Louisville","KY"
2,"Against the Grain Brewery","Louisville","KY"
2,"Against the Grain Brewery","Louisville","KY"
2,"Against the Grain Brewery","Louisville","KY"
2,"Against the Grain Brewery","Louisville","KY"
2,"Against the Grain Brewery","Louisville","KY"
2,"Against the Grain Brewery","Louisville","KY"
2,"Against the Grain Brewery","Louisville","KY"
2,"Against the Grain Brewery","Louisville","KY"
2,"Against the Grain Brewery","Louisville","KY"
2,"Against the Grain Brewery","Louisville","KY"
3,"Jack's Abby Craft Lagers","Framingham","MA"
3,"Jack's Abby Craft Lagers","Framingham","MA"
3,"Jack's Abby Craft Lagers","Framingham","MA"
3,"Jack's Abby Craft Lagers","Framingham","MA"
3,"Jack's Abby Craft Lagers","Framingham","MA"
4,"Mike Hess Brewing Company","San Diego","CA"
4,"Mike Hess Brewing Company","San Diego","CA"
4,"Mike Hess Brewing Company","San Diego","CA"
4,"Mike Hess Brewing Company","San Diego","CA"
4,"Mike Hess Brewing Company","San Diego","CA"
4,"Mike Hess Brewing Company","San Diego","CA"
5,"Fort Point Beer Company","San Francisco","CA"
5,"Fort Point Beer Company","San Francisco","CA"
5,"Fort Point Beer Company","San Francisco","CA"
5,"Fort Point Beer Company","San Francisco","CA"
7,"Great Divide Brewing Company","Denver","CO"
8,"Tapistry Brewing","Bridgman","MI"
9,"Big Lake Brewing","Holland","MI"
12,"Petoskey Brewing","Petoskey","MI"
12,"Petoskey Brewing","Petoskey","MI"
12,"Petoskey Brewing","Petoskey","MI"
12,"Petoskey Brewing","Petoskey","MI"
13,"Blackrocks Brewery","Marquette","MI"
13,"Blackrocks Brewery","Marquette","MI"
13,"Blackrocks Brewery","Marquette","MI"
14,"Perrin Brewing Company","Comstock Park","MI"
14,"Perrin Brewing Company","Comstock Park","MI"
14,"Perrin Brewing Company","Comstock Park","MI"
14,"Perrin Brewing Company","Comstock Park","MI"
14,"Perrin Brewing Company","Comstock Park","MI"
15,"Witch's Hat Brewing Company","South Lyon","MI"
16,"Founders Brewing Company","Grand Rapids","MI"
16,"Founders Brewing Company","Grand Rapids","MI"
16,"Founders Brewing Company","Grand Rapids","MI"
17,"Flat 12 Bierwerks","Indianapolis","IN"
17,"Flat 12 Bierwerks","Indianapolis","IN"
18,"Tin Man Brewing Company","Evansville","IN"
18,"Tin Man Brewing Company","Evansville","IN"
18,"Tin Man Brewing Company","Evansville","IN"
18,"Tin Man Brewing Company","Evansville","IN"
18,"Tin Man Brewing Company","Evansville","IN"
18,"Tin Man Brewing Company","Evansville","IN"
18,"Tin Man Brewing Company","Evansville","IN"
18,"Tin Man Brewing Company","Evansville","IN"
19,"Black Acre Brewing Co.","Indianapolis","IN"
21,"Bare Hands Brewery","Granger","IN"
22,"Three Pints Brewing","Martinsville","IN"
22,"Three Pints Brewing","Martinsville","IN"
22,"Three Pints Brewing","Martinsville","IN"
22,"Three Pints Brewing","Martinsville","IN"
23,"Four Fathers Brewing","Valparaiso","IN"
24,"Indiana City Brewing","Indianapolis","IN"
25,"Burn 'Em Brewing","Michigan City","IN"
25,"Burn 'Em Brewing","Michigan City","IN"
25,"Burn 'Em Brewing","Michigan City","IN"
25,"Burn 'Em Brewing","Michigan City","IN"
25,"Burn 'Em Brewing","Michigan City","IN"
26,"Sun King Brewing Company","Indianapolis","IN"
26,"Sun King Brewing Company","Indianapolis","IN"
26,"Sun King Brewing Company","Indianapolis","IN"
26,"Sun King Brewing Company","Indianapolis","IN"
26,"Sun King Brewing Company","Indianapolis","IN"
26,"Sun King Brewing Company","Indianapolis","IN"
26,"Sun King Brewing Company","Indianapolis","IN"
26,"Sun King Brewing Company","Indianapolis","IN"
26,"Sun King Brewing Company","Indianapolis","IN"
26,"Sun King Brewing Company","Indianapolis","IN"
26,"Sun King Brewing Company","Indianapolis","IN"
26,"Sun King Brewing Company","Indianapolis","IN"
26,"Sun King Brewing Company","Indianapolis","IN"
26,"Sun King Brewing Company","Indianapolis","IN"
26,"Sun King Brewing Company","Indianapolis","IN"
26,"Sun King Brewing Company","Indianapolis","IN"
26,"Sun King Brewing Company","Indianapolis","IN"
26,"Sun King Brewing Company","Indianapolis","IN"
26,"Sun King Brewing Company","Indianapolis","IN"
26,"Sun King Brewing Company","Indianapolis","IN"
26,"Sun King Brewing Company","Indianapolis","IN"
26,"Sun King Brewing Company","Indianapolis","IN"
26,"Sun King Brewing Company","Indianapolis","IN"
26,"Sun King Brewing Company","Indianapolis","IN"
26,"Sun King Brewing Company","Indianapolis","IN"
26,"Sun King Brewing Company","Indianapolis","IN"
26,"Sun King Brewing Company","Indianapolis","IN"
26,"Sun King Brewing Company","Indianapolis","IN"
26,"Sun King Brewing Company","Indianapolis","IN"
26,"Sun King Brewing Company","Indianapolis","IN"
26,"Sun King Brewing Company","Indianapolis","IN"
26,"Sun King Brewing Company","Indianapolis","IN"
27,"Evil Czech Brewery","Mishawaka","IN"
27,"Evil Czech Brewery","Mishawaka","IN"
27,"Evil Czech Brewery","Mishawaka","IN"
28,"450 North Brewing Company","Columbus","IN"
28,"450 North Brewing Company","Columbus","IN"
28,"450 North Brewing Company","Columbus","IN"
28,"450 North Brewing Company","Columbus","IN"
28,"450 North Brewing Company","Columbus","IN"
29,"Taxman Brewing Company","Bargersville","IN"
30,"Cedar Creek Brewery","Seven Points","TX"
30,"Cedar Creek Brewery","Seven Points","TX"
30,"Cedar Creek Brewery","Seven Points","TX"
30,"Cedar Creek Brewery","Seven Points","TX"
30,"Cedar Creek Brewery","Seven Points","TX"
31,"SanTan Brewing Company","Chandler","AZ"
31,"SanTan Brewing Company","Chandler","AZ"
31,"SanTan Brewing Company","Chandler","AZ"
31,"SanTan Brewing Company","Chandler","AZ"
31,"SanTan Brewing Company","Chandler","AZ"
31,"SanTan Brewing Company","Chandler","AZ"
31,"SanTan Brewing Company","Chandler","AZ"
31,"SanTan Brewing Company","Chandler","AZ"
31,"SanTan Brewing Company","Chandler","AZ"
31,"SanTan Brewing Company","Chandler","AZ"
31,"SanTan Brewing Company","Chandler","AZ"
31,"SanTan Brewing Company","Chandler","AZ"
31,"SanTan Brewing Company","Chandler","AZ"
31,"SanTan Brewing Company","Chandler","AZ"
31,"SanTan Brewing Company","Chandler","AZ"
32,"Boulevard Brewing Company","Kansas City","MO"
34,"The Dudes' Brewing Company","Torrance","CA"
34,"The Dudes' Brewing Company","Torrance","CA"
34,"The Dudes' Brewing Company","Torrance","CA"
35,"Ballast Point Brewing Company","San Diego","CA"
35,"Ballast Point Brewing Company","San Diego","CA"
35,"Ballast Point Brewing Company","San Diego","CA"
35,"Ballast Point Brewing Company","San Diego","CA"
37,"Figueroa Mountain Brewing Company","Buellton","CA"
37,"Figueroa Mountain Brewing Company","Buellton","CA"
38,"Avery Brewing Company","Boulder","CO"
38,"Avery Brewing Company","Boulder","CO"
38,"Avery Brewing Company","Boulder","CO"
38,"Avery Brewing Company","Boulder","CO"
39,"Twisted X Brewing Company","Dripping Springs","TX"
39,"Twisted X Brewing Company","Dripping Springs","TX"
39,"Twisted X Brewing Company","Dripping Springs","TX"
40,"Gonzo's BiggDogg Brewing","Kalamazoo","MI"
41,"Big Muddy Brewing","Murphysboro","IL"
42,"Lost Nation Brewing","East Fairfield","VT"
42,"Lost Nation Brewing","East Fairfield","VT"
44,"Rivertowne Brewing Company","Export","PA"
45,"Revolution Brewing Company","Chicago","IL"
45,"Revolution Brewing Company","Chicago","IL"
45,"Revolution Brewing Company","Chicago","IL"
45,"Revolution Brewing Company","Chicago","IL"
45,"Revolution Brewing Company","Chicago","IL"
45,"Revolution Brewing Company","Chicago","IL"
45,"Revolution Brewing Company","Chicago","IL"
46,"Tallgrass Brewing Company","Manhattan","KS"
46,"Tallgrass Brewing Company","Manhattan","KS"
46,"Tallgrass Brewing Company","Manhattan","KS"
46,"Tallgrass Brewing Company","Manhattan","KS"
46,"Tallgrass Brewing Company","Manhattan","KS"
46,"Tallgrass Brewing Company","Manhattan","KS"
46,"Tallgrass Brewing Company","Manhattan","KS"
46,"Tallgrass Brewing Company","Manhattan","KS"
46,"Tallgrass Brewing Company","Manhattan","KS"
46,"Tallgrass Brewing Company","Manhattan","KS"
46,"Tallgrass Brewing Company","Manhattan","KS"
46,"Tallgrass Brewing Company","Manhattan","KS"
46,"Tallgrass Brewing Company","Manhattan","KS"
46,"Tallgrass Brewing Company","Manhattan","KS"
46,"Tallgrass Brewing Company","Manhattan","KS"
46,"Tallgrass Brewing Company","Manhattan","KS"
47,"Sixpoint Craft Ales","Brooklyn","NY"
47,"Sixpoint Craft Ales","Brooklyn","NY"
47,"Sixpoint Craft Ales","Brooklyn","NY"
47,"Sixpoint Craft Ales","Brooklyn","NY"
47,"Sixpoint Craft Ales","Brooklyn","NY"
47,"Sixpoint Craft Ales","Brooklyn","NY"
47,"Sixpoint Craft Ales","Brooklyn","NY"
47,"Sixpoint Craft Ales","Brooklyn","NY"
47,"Sixpoint Craft Ales","Brooklyn","NY"
47,"Sixpoint Craft Ales","Brooklyn","NY"
47,"Sixpoint Craft Ales","Brooklyn","NY"
47,"Sixpoint Craft Ales","Brooklyn","NY"
47,"Sixpoint Craft Ales","Brooklyn","NY"
47,"Sixpoint Craft Ales","Brooklyn","NY"
47,"Sixpoint Craft Ales","Brooklyn","NY"
47,"Sixpoint Craft Ales","Brooklyn","NY"
47,"Sixpoint Craft Ales","Brooklyn","NY"
47,"Sixpoint Craft Ales","Brooklyn","NY"
47,"Sixpoint Craft Ales","Brooklyn","NY"
47,"Sixpoint Craft Ales","Brooklyn","NY"
47,"Sixpoint Craft Ales","Brooklyn","NY"
47,"Sixpoint Craft Ales","Brooklyn","NY"
47,"Sixpoint Craft Ales","Brooklyn","NY"
49,"Firestone Walker Brewing Company","Paso Robles","CA"
49,"Firestone Walker Brewing Company","Paso Robles","CA"
49,"Firestone Walker Brewing Company","Paso Robles","CA"
50,"SweetWater Brewing Company","Atlanta","GA"
51,"Flying Mouse Brewery","Troutville","VA"
52,"Upslope Brewing Company","Boulder","CO"
52,"Upslope Brewing Company","Boulder","CO"
52,"Upslope Brewing Company","Boulder","CO"
52,"Upslope Brewing Company","Boulder","CO"
52,"Upslope Brewing Company","Boulder","CO"
52,"Upslope Brewing Company","Boulder","CO"
52,"Upslope Brewing Company","Boulder","CO"
52,"Upslope Brewing Company","Boulder","CO"
54,"Bent Brewstillery","Roseville","MN"
54,"Bent Brewstillery","Roseville","MN"
56,"Pollyanna Brewing Company","Lemont","IL"
58,"Destihl Brewery","Bloomington","IL"
58,"Destihl Brewery","Bloomington","IL"
58,"Destihl Brewery","Bloomington","IL"
58,"Destihl Brewery","Bloomington","IL"
58,"Destihl Brewery","Bloomington","IL"
58,"Destihl Brewery","Bloomington","IL"
59,"Summit Brewing Company","St. Paul","MN"
59,"Summit Brewing Company","St. Paul","MN"
59,"Summit Brewing Company","St. Paul","MN"
61,"4 Hands Brewing Company","Saint Louis","MO"
61,"4 Hands Brewing Company","Saint Louis","MO"
61,"4 Hands Brewing Company","Saint Louis","MO"
62,"Surly Brewing Company","Brooklyn Center","MN"
62,"Surly Brewing Company","Brooklyn Center","MN"
62,"Surly Brewing Company","Brooklyn Center","MN"
62,"Surly Brewing Company","Brooklyn Center","MN"
62,"Surly Brewing Company","Brooklyn Center","MN"
62,"Surly Brewing Company","Brooklyn Center","MN"
62,"Surly Brewing Company","Brooklyn Center","MN"
62,"Surly Brewing Company","Brooklyn Center","MN"
62,"Surly Brewing Company","Brooklyn Center","MN"
62,"Surly Brewing Company","Brooklyn Center","MN"
62,"Surly Brewing Company","Brooklyn Center","MN"
63,"Against The Grain Brewery","Louisville","KY"
63,"Against The Grain Brewery","Louisville","KY"
64,"Crazy Mountain Brewing Company","Edwards","CO"
64,"Crazy Mountain Brewing Company","Edwards","CO"
64,"Crazy Mountain Brewing Company","Edwards","CO"
64,"Crazy Mountain Brewing Company","Edwards","CO"
66,"Mikerphone Brewing","Chicago","IL"
67,"Freetail Brewing Company","San Antonio","TX"
67,"Freetail Brewing Company","San Antonio","TX"
67,"Freetail Brewing Company","San Antonio","TX"
67,"Freetail Brewing Company","San Antonio","TX"
67,"Freetail Brewing Company","San Antonio","TX"
67,"Freetail Brewing Company","San Antonio","TX"
68,"3 Daughters Brewing","St Petersburg","FL"
69,"Red Shedman Farm Brewery and Hop...","Mt. Airy","MD"
69,"Red Shedman Farm Brewery and Hop...","Mt. Airy","MD"
69,"Red Shedman Farm Brewery and Hop...","Mt. Airy","MD"
69,"Red Shedman Farm Brewery and Hop...","Mt. Airy","MD"
70,"Appalachian Mountain Brewery","Boone","NC"
70,"Appalachian Mountain Brewery","Boone","NC"
70,"Appalachian Mountain Brewery","Boone","NC"
71,"Birdsong Brewing Company","Charlotte","NC"
72,"Union Craft Brewing","Baltimore","MD"
72,"Union Craft Brewing","Baltimore","MD"
73,"Atwater Brewery","Detroit","MI"
73,"Atwater Brewery","Detroit","MI"
73,"Atwater Brewery","Detroit","MI"
73,"Atwater Brewery","Detroit","MI"
73,"Atwater Brewery","Detroit","MI"
75,"Two Brothers Brewing Company","Warrenville","IL"
75,"Two Brothers Brewing Company","Warrenville","IL"
75,"Two Brothers Brewing Company","Warrenville","IL"
75,"Two Brothers Brewing Company","Warrenville","IL"
75,"Two Brothers Brewing Company","Warrenville","IL"
75,"Two Brothers Brewing Company","Warrenville","IL"
75,"Two Brothers Brewing Company","Warrenville","IL"
76,"Bent Paddle Brewing Company","Duluth","MN"
76,"Bent Paddle Brewing Company","Duluth","MN"
76,"Bent Paddle Brewing Company","Duluth","MN"
76,"Bent Paddle Brewing Company","Duluth","MN"
76,"Bent Paddle Brewing Company","Duluth","MN"
79,"Speakasy Ales & Lagers","San Francisco","CA"
80,"Black Tooth Brewing Company","Sheridan","WY"
80,"Black Tooth Brewing Company","Sheridan","WY"
81,"Hopworks Urban Brewery","Portland","OR"
81,"Hopworks Urban Brewery","Portland","OR"
81,"Hopworks Urban Brewery","Portland","OR"
81,"Hopworks Urban Brewery","Portland","OR"
81,"Hopworks Urban Brewery","Portland","OR"
81,"Hopworks Urban Brewery","Portland","OR"
81,"Hopworks Urban Brewery","Portland","OR"
81,"Hopworks Urban Brewery","Portland","OR"
81,"Hopworks Urban Brewery","Portland","OR"
81,"Hopworks Urban Brewery","Portland","OR"
81,"Hopworks Urban Brewery","Portland","OR"
81,"Hopworks Urban Brewery","Portland","OR"
81,"Hopworks Urban Brewery","Portland","OR"
81,"Hopworks Urban Brewery","Portland","OR"
81,"Hopworks Urban Brewery","Portland","OR"
81,"Hopworks Urban Brewery","Portland","OR"
81,"Hopworks Urban Brewery","Portland","OR"
81,"Hopworks Urban Brewery","Portland","OR"
81,"Hopworks Urban Brewery","Portland","OR"
81,"Hopworks Urban Brewery","Portland","OR"
81,"Hopworks Urban Brewery","Portland","OR"
81,"Hopworks Urban Brewery","Portland","OR"
83,"New Belgium Brewing Company","Fort Collins","CO"
83,"New Belgium Brewing Company","Fort Collins","CO"
83,"New Belgium Brewing Company","Fort Collins","CO"
83,"New Belgium Brewing Company","Fort Collins","CO"
83,"New Belgium Brewing Company","Fort Collins","CO"
83,"New Belgium Brewing Company","Fort Collins","CO"
83,"New Belgium Brewing Company","Fort Collins","CO"
83,"New Belgium Brewing Company","Fort Collins","CO"
83,"New Belgium Brewing Company","Fort Collins","CO"
83,"New Belgium Brewing Company","Fort Collins","CO"
83,"New Belgium Brewing Company","Fort Collins","CO"
83,"New Belgium Brewing Company","Fort Collins","CO"
84,"Sierra Nevada Brewing Company","Chico","CA"
84,"Sierra Nevada Brewing Company","Chico","CA"
84,"Sierra Nevada Brewing Company","Chico","CA"
84,"Sierra Nevada Brewing Company","Chico","CA"
84,"Sierra Nevada Brewing Company","Chico","CA"
84,"Sierra Nevada Brewing Company","Chico","CA"
87,"Grey Sail Brewing Company","Westerly","RI"
88,"Kirkwood Station Brewing Company","Kirkwood","MO"
88,"Kirkwood Station Brewing Company","Kirkwood","MO"
89,"Goose Island Brewing Company","Chicago","IL"
89,"Goose Island Brewing Company","Chicago","IL"
89,"Goose Island Brewing Company","Chicago","IL"
89,"Goose Island Brewing Company","Chicago","IL"
89,"Goose Island Brewing Company","Chicago","IL"
92,"Madtree Brewing Company","Cincinnati","OH"
92,"Madtree Brewing Company","Cincinnati","OH"
92,"Madtree Brewing Company","Cincinnati","OH"
92,"Madtree Brewing Company","Cincinnati","OH"
92,"Madtree Brewing Company","Cincinnati","OH"
92,"Madtree Brewing Company","Cincinnati","OH"
92,"Madtree Brewing Company","Cincinnati","OH"
94,"Rhinegeist Brewery","Cincinnati","OH"
94,"Rhinegeist Brewery","Cincinnati","OH"
94,"Rhinegeist Brewery","Cincinnati","OH"
94,"Rhinegeist Brewery","Cincinnati","OH"
94,"Rhinegeist Brewery","Cincinnati","OH"
94,"Rhinegeist Brewery","Cincinnati","OH"
94,"Rhinegeist Brewery","Cincinnati","OH"
94,"Rhinegeist Brewery","Cincinnati","OH"
95,"Warped Wing Brewing Company","Dayton","OH"
95,"Warped Wing Brewing Company","Dayton","OH"
98,"Tröegs Brewing Company","Hershey","PA"
98,"Tröegs Brewing Company","Hershey","PA"
98,"Tröegs Brewing Company","Hershey","PA"
98,"Tröegs Brewing Company","Hershey","PA"
99,"Mission Brewery","San Diego","CA"
99,"Mission Brewery","San Diego","CA"
99,"Mission Brewery","San Diego","CA"
100,"Christian Moerlein Brewing Company","Cincinnati","OH"
102,"Coastal Extreme Brewing Company","Newport","RI"
102,"Coastal Extreme Brewing Company","Newport","RI"
102,"Coastal Extreme Brewing Company","Newport","RI"
102,"Coastal Extreme Brewing Company","Newport","RI"
103,"King Street Brewing Company","Anchorage","AK"
103,"King Street Brewing Company","Anchorage","AK"
104,"Beer Works Brewery","Lowell","MA"
104,"Beer Works Brewery","Lowell","MA"
104,"Beer Works Brewery","Lowell","MA"
104,"Beer Works Brewery","Lowell","MA"
105,"Lone Tree Brewing Company","Lone Tree","CO"
106,"Four String Brewing Company","Columbus","OH"
106,"Four String Brewing Company","Columbus","OH"
106,"Four String Brewing Company","Columbus","OH"
107,"Glabrous Brewing Company","Pineland","ME"
108,"Bonfire Brewing Company","Eagle","CO"
108,"Bonfire Brewing Company","Eagle","CO"
108,"Bonfire Brewing Company","Eagle","CO"
108,"Bonfire Brewing Company","Eagle","CO"
108,"Bonfire Brewing Company","Eagle","CO"
108,"Bonfire Brewing Company","Eagle","CO"
108,"Bonfire Brewing Company","Eagle","CO"
108,"Bonfire Brewing Company","Eagle","CO"
109,"Thomas Hooker Brewing Company","Bloomfield","CT"
110,"Woodstock Inn, Station & Brewery","North Woodstock","NH"
110,"Woodstock Inn, Station & Brewery","North Woodstock","NH"
111,"Renegade Brewing Company","Denver","CO"
111,"Renegade Brewing Company","Denver","CO"
111,"Renegade Brewing Company","Denver","CO"
111,"Renegade Brewing Company","Denver","CO"
111,"Renegade Brewing Company","Denver","CO"
111,"Renegade Brewing Company","Denver","CO"
112,"Mother Earth Brew Company","Vista","CA"
113,"Black Market Brewing Company","Temecula","CA"
113,"Black Market Brewing Company","Temecula","CA"
113,"Black Market Brewing Company","Temecula","CA"
113,"Black Market Brewing Company","Temecula","CA"
116,"Smartmouth Brewing Company","Norfolk","VA"
116,"Smartmouth Brewing Company","Norfolk","VA"
116,"Smartmouth Brewing Company","Norfolk","VA"
117,"Base Camp Brewing Co.","Portland","OR"
117,"Base Camp Brewing Co.","Portland","OR"
117,"Base Camp Brewing Co.","Portland","OR"
117,"Base Camp Brewing Co.","Portland","OR"
117,"Base Camp Brewing Co.","Portland","OR"
118,"Alameda Brewing","Portland","OR"
118,"Alameda Brewing","Portland","OR"
118,"Alameda Brewing","Portland","OR"
119,"Southern Star Brewing Company","Conroe","TX"
119,"Southern Star Brewing Company","Conroe","TX"
119,"Southern Star Brewing Company","Conroe","TX"
119,"Southern Star Brewing Company","Conroe","TX"
119,"Southern Star Brewing Company","Conroe","TX"
119,"Southern Star Brewing Company","Conroe","TX"
119,"Southern Star Brewing Company","Conroe","TX"
119,"Southern Star Brewing Company","Conroe","TX"
119,"Southern Star Brewing Company","Conroe","TX"
119,"Southern Star Brewing Company","Conroe","TX"
119,"Southern Star Brewing Company","Conroe","TX"
119,"Southern Star Brewing Company","Conroe","TX"
120,"Steamworks Brewing Company","Durango","CO"
120,"Steamworks Brewing Company","Durango","CO"
120,"Steamworks Brewing Company","Durango","CO"
120,"Steamworks Brewing Company","Durango","CO"
121,"Horny Goat Brew Pub","Milwaukee","WI"
122,"Cheboygan Brewing Company","Cheboygan","MI"
122,"Cheboygan Brewing Company","Cheboygan","MI"
123,"Center of the Universe Brewing C...","Ashland","VA"
123,"Center of the Universe Brewing C...","Ashland","VA"
123,"Center of the Universe Brewing C...","Ashland","VA"
123,"Center of the Universe Brewing C...","Ashland","VA"
125,"Griffin Claw Brewing Company","Birmingham","MI"
125,"Griffin Claw Brewing Company","Birmingham","MI"
125,"Griffin Claw Brewing Company","Birmingham","MI"
125,"Griffin Claw Brewing Company","Birmingham","MI"
125,"Griffin Claw Brewing Company","Birmingham","MI"
125,"Griffin Claw Brewing Company","Birmingham","MI"
126,"Karbach Brewing Company","Houston","TX"
126,"Karbach Brewing Company","Houston","TX"
126,"Karbach Brewing Company","Houston","TX"
126,"Karbach Brewing Company","Houston","TX"
126,"Karbach Brewing Company","Houston","TX"
126,"Karbach Brewing Company","Houston","TX"
126,"Karbach Brewing Company","Houston","TX"
126,"Karbach Brewing Company","Houston","TX"
126,"Karbach Brewing Company","Houston","TX"
126,"Karbach Brewing Company","Houston","TX"
127,"Uncle Billy's Brewery and Smokeh...","Austin","TX"
127,"Uncle Billy's Brewery and Smokeh...","Austin","TX"
128,"Deep Ellum Brewing Company","Dallas","TX"
128,"Deep Ellum Brewing Company","Dallas","TX"
128,"Deep Ellum Brewing Company","Dallas","TX"
128,"Deep Ellum Brewing Company","Dallas","TX"
128,"Deep Ellum Brewing Company","Dallas","TX"
129,"Real Ale Brewing Company","Blanco","TX"
129,"Real Ale Brewing Company","Blanco","TX"
129,"Real Ale Brewing Company","Blanco","TX"
129,"Real Ale Brewing Company","Blanco","TX"
129,"Real Ale Brewing Company","Blanco","TX"
129,"Real Ale Brewing Company","Blanco","TX"
129,"Real Ale Brewing Company","Blanco","TX"
130,"Straub Brewery","St Mary's","PA"
130,"Straub Brewery","St Mary's","PA"
130,"Straub Brewery","St Mary's","PA"
132,"Stevens Point Brewery","Stevens Point","WI"
132,"Stevens Point Brewery","Stevens Point","WI"
132,"Stevens Point Brewery","Stevens Point","WI"
132,"Stevens Point Brewery","Stevens Point","WI"
132,"Stevens Point Brewery","Stevens Point","WI"
132,"Stevens Point Brewery","Stevens Point","WI"
132,"Stevens Point Brewery","Stevens Point","WI"
132,"Stevens Point Brewery","Stevens Point","WI"
132,"Stevens Point Brewery","Stevens Point","WI"
132,"Stevens Point Brewery","Stevens Point","WI"
132,"Stevens Point Brewery","Stevens Point","WI"
132,"Stevens Point Brewery","Stevens Point","WI"
132,"Stevens Point Brewery","Stevens Point","WI"
132,"Stevens Point Brewery","Stevens Point","WI"
132,"Stevens Point Brewery","Stevens Point","WI"
132,"Stevens Point Brewery","Stevens Point","WI"
132,"Stevens Point Brewery","Stevens Point","WI"
132,"Stevens Point Brewery","Stevens Point","WI"
132,"Stevens Point Brewery","Stevens Point","WI"
132,"Stevens Point Brewery","Stevens Point","WI"
133,"Weston Brewing Company","Weston","MO"
133,"Weston Brewing Company","Weston","MO"
134,"Southern Prohibition Brewing Com...","Hattiesburg","MS"
134,"Southern Prohibition Brewing Com...","Hattiesburg","MS"
134,"Southern Prohibition Brewing Com...","Hattiesburg","MS"
134,"Southern Prohibition Brewing Com...","Hattiesburg","MS"
134,"Southern Prohibition Brewing Com...","Hattiesburg","MS"
134,"Southern Prohibition Brewing Com...","Hattiesburg","MS"
134,"Southern Prohibition Brewing Com...","Hattiesburg","MS"
134,"Southern Prohibition Brewing Com...","Hattiesburg","MS"
134,"Southern Prohibition Brewing Com...","Hattiesburg","MS"
136,"Pug Ryan's Brewery","Dillon","CO"
136,"Pug Ryan's Brewery","Dillon","CO"
136,"Pug Ryan's Brewery","Dillon","CO"
136,"Pug Ryan's Brewery","Dillon","CO"
136,"Pug Ryan's Brewery","Dillon","CO"
136,"Pug Ryan's Brewery","Dillon","CO"
136,"Pug Ryan's Brewery","Dillon","CO"
139,"Summit Brewing Company","St Paul","MN"
141,"Independence Brewing Company","Austin","TX"
141,"Independence Brewing Company","Austin","TX"
141,"Independence Brewing Company","Austin","TX"
142,"Cigar City Brewing Company","Tampa","FL"
142,"Cigar City Brewing Company","Tampa","FL"
142,"Cigar City Brewing Company","Tampa","FL"
142,"Cigar City Brewing Company","Tampa","FL"
142,"Cigar City Brewing Company","Tampa","FL"
142,"Cigar City Brewing Company","Tampa","FL"
142,"Cigar City Brewing Company","Tampa","FL"
142,"Cigar City Brewing Company","Tampa","FL"
142,"Cigar City Brewing Company","Tampa","FL"
142,"Cigar City Brewing Company","Tampa","FL"
142,"Cigar City Brewing Company","Tampa","FL"
142,"Cigar City Brewing Company","Tampa","FL"
142,"Cigar City Brewing Company","Tampa","FL"
142,"Cigar City Brewing Company","Tampa","FL"
142,"Cigar City Brewing Company","Tampa","FL"
142,"Cigar City Brewing Company","Tampa","FL"
143,"Third Street Brewhouse","Cold Spring","MN"
144,"Narragansett Brewing Company","Providence","RI"
144,"Narragansett Brewing Company","Providence","RI"
144,"Narragansett Brewing Company","Providence","RI"
144,"Narragansett Brewing Company","Providence","RI"
144,"Narragansett Brewing Company","Providence","RI"
144,"Narragansett Brewing Company","Providence","RI"
144,"Narragansett Brewing Company","Providence","RI"
144,"Narragansett Brewing Company","Providence","RI"
144,"Narragansett Brewing Company","Providence","RI"
144,"Narragansett Brewing Company","Providence","RI"
145,"Grimm Brothers Brewhouse","Loveland","CO"
149,"Odyssey Beerwerks","Arvada","CO"
149,"Odyssey Beerwerks","Arvada","CO"
149,"Odyssey Beerwerks","Arvada","CO"
150,"Lonerider Brewing Company","Raleigh","NC"
150,"Lonerider Brewing Company","Raleigh","NC"
150,"Lonerider Brewing Company","Raleigh","NC"
151,"Oakshire Brewing","Eugene","OR"
151,"Oakshire Brewing","Eugene","OR"
151,"Oakshire Brewing","Eugene","OR"
151,"Oakshire Brewing","Eugene","OR"
153,"Tin Roof Brewing Company","Baton Rouge","LA"
153,"Tin Roof Brewing Company","Baton Rouge","LA"
153,"Tin Roof Brewing Company","Baton Rouge","LA"
153,"Tin Roof Brewing Company","Baton Rouge","LA"
153,"Tin Roof Brewing Company","Baton Rouge","LA"
153,"Tin Roof Brewing Company","Baton Rouge","LA"
154,"Three Creeks Brewing","Sisters","OR"
154,"Three Creeks Brewing","Sisters","OR"
154,"Three Creeks Brewing","Sisters","OR"
156,"Caldera Brewing Company","Ashland","OR"
156,"Caldera Brewing Company","Ashland","OR"
156,"Caldera Brewing Company","Ashland","OR"
156,"Caldera Brewing Company","Ashland","OR"
156,"Caldera Brewing Company","Ashland","OR"
156,"Caldera Brewing Company","Ashland","OR"
156,"Caldera Brewing Company","Ashland","OR"
156,"Caldera Brewing Company","Ashland","OR"
156,"Caldera Brewing Company","Ashland","OR"
156,"Caldera Brewing Company","Ashland","OR"
156,"Caldera Brewing Company","Ashland","OR"
156,"Caldera Brewing Company","Ashland","OR"
156,"Caldera Brewing Company","Ashland","OR"
157,"Greenbrier Valley Brewing Company","Lewisburg","WV"
157,"Greenbrier Valley Brewing Company","Lewisburg","WV"
158,"Phoenix Ale Brewery","Phoenix","AZ"
159,"Lumberyard Brewing Company","Flagstaff","AZ"
160,"Uinta Brewing Company","Salt Lake City","UT"
160,"Uinta Brewing Company","Salt Lake City","UT"
160,"Uinta Brewing Company","Salt Lake City","UT"
160,"Uinta Brewing Company","Salt Lake City","UT"
160,"Uinta Brewing Company","Salt Lake City","UT"
160,"Uinta Brewing Company","Salt Lake City","UT"
160,"Uinta Brewing Company","Salt Lake City","UT"
160,"Uinta Brewing Company","Salt Lake City","UT"
160,"Uinta Brewing Company","Salt Lake City","UT"
161,"Four Peaks Brewing Company","Tempe","AZ"
161,"Four Peaks Brewing Company","Tempe","AZ"
161,"Four Peaks Brewing Company","Tempe","AZ"
161,"Four Peaks Brewing Company","Tempe","AZ"
161,"Four Peaks Brewing Company","Tempe","AZ"
162,"Martin House Brewing Company","Fort Worth","TX"
162,"Martin House Brewing Company","Fort Worth","TX"
162,"Martin House Brewing Company","Fort Worth","TX"
164,"Sly Fox Brewing Company","Phoenixville","PA"
165,"Round Guys Brewing","Lansdale","PA"
165,"Round Guys Brewing","Lansdale","PA"
165,"Round Guys Brewing","Lansdale","PA"
166,"Great Crescent Brewery","Aurora","IN"
166,"Great Crescent Brewery","Aurora","IN"
166,"Great Crescent Brewery","Aurora","IN"
166,"Great Crescent Brewery","Aurora","IN"
166,"Great Crescent Brewery","Aurora","IN"
166,"Great Crescent Brewery","Aurora","IN"
166,"Great Crescent Brewery","Aurora","IN"
166,"Great Crescent Brewery","Aurora","IN"
166,"Great Crescent Brewery","Aurora","IN"
166,"Great Crescent Brewery","Aurora","IN"
166,"Great Crescent Brewery","Aurora","IN"
166,"Great Crescent Brewery","Aurora","IN"
166,"Great Crescent Brewery","Aurora","IN"
166,"Great Crescent Brewery","Aurora","IN"
166,"Great Crescent Brewery","Aurora","IN"
166,"Great Crescent Brewery","Aurora","IN"
166,"Great Crescent Brewery","Aurora","IN"
166,"Great Crescent Brewery","Aurora","IN"
166,"Great Crescent Brewery","Aurora","IN"
166,"Great Crescent Brewery","Aurora","IN"
167,"Oskar Blues Brewery","Longmont","CO"
167,"Oskar Blues Brewery","Longmont","CO"
167,"Oskar Blues Brewery","Longmont","CO"
167,"Oskar Blues Brewery","Longmont","CO"
167,"Oskar Blues Brewery","Longmont","CO"
167,"Oskar Blues Brewery","Longmont","CO"
167,"Oskar Blues Brewery","Longmont","CO"
167,"Oskar Blues Brewery","Longmont","CO"
167,"Oskar Blues Brewery","Longmont","CO"
167,"Oskar Blues Brewery","Longmont","CO"
167,"Oskar Blues Brewery","Longmont","CO"
167,"Oskar Blues Brewery","Longmont","CO"
167,"Oskar Blues Brewery","Longmont","CO"
167,"Oskar Blues Brewery","Longmont","CO"
167,"Oskar Blues Brewery","Longmont","CO"
167,"Oskar Blues Brewery","Longmont","CO"
167,"Oskar Blues Brewery","Longmont","CO"
167,"Oskar Blues Brewery","Longmont","CO"
167,"Oskar Blues Brewery","Longmont","CO"
167,"Oskar Blues Brewery","Longmont","CO"
169,"High Hops Brewery","Windsor","CO"
169,"High Hops Brewery","Windsor","CO"
170,"Crooked Fence Brewing Company","Garden City","ID"
171,"Everybody's Brewing","White Salmon","WA"
171,"Everybody's Brewing","White Salmon","WA"
172,"Anderson Valley Brewing Company","Boonville","CA"
172,"Anderson Valley Brewing Company","Boonville","CA"
172,"Anderson Valley Brewing Company","Boonville","CA"
172,"Anderson Valley Brewing Company","Boonville","CA"
172,"Anderson Valley Brewing Company","Boonville","CA"
172,"Anderson Valley Brewing Company","Boonville","CA"
172,"Anderson Valley Brewing Company","Boonville","CA"
172,"Anderson Valley Brewing Company","Boonville","CA"
172,"Anderson Valley Brewing Company","Boonville","CA"
172,"Anderson Valley Brewing Company","Boonville","CA"
172,"Anderson Valley Brewing Company","Boonville","CA"
172,"Anderson Valley Brewing Company","Boonville","CA"
172,"Anderson Valley Brewing Company","Boonville","CA"
172,"Anderson Valley Brewing Company","Boonville","CA"
173,"Fiddlehead Brewing Company","Shelburne","VT"
173,"Fiddlehead Brewing Company","Shelburne","VT"
177,"Rahr & Sons Brewing Company","Fort Worth","TX"
178,"18th Street Brewery","Gary","IN"
180,"Carolina Brewery","Pittsboro","NC"
181,"Frog Level Brewing Company","Waynesville","NC"
182,"Wild Wolf Brewing Company","Nellysford","VA"
182,"Wild Wolf Brewing Company","Nellysford","VA"
182,"Wild Wolf Brewing Company","Nellysford","VA"
182,"Wild Wolf Brewing Company","Nellysford","VA"
183,"COOP Ale Works","Oklahoma City","OK"
183,"COOP Ale Works","Oklahoma City","OK"
183,"COOP Ale Works","Oklahoma City","OK"
183,"COOP Ale Works","Oklahoma City","OK"
183,"COOP Ale Works","Oklahoma City","OK"
184,"Seventh Son Brewing Company","Columbus","OH"
184,"Seventh Son Brewing Company","Columbus","OH"
184,"Seventh Son Brewing Company","Columbus","OH"
184,"Seventh Son Brewing Company","Columbus","OH"
184,"Seventh Son Brewing Company","Columbus","OH"
185,"Oasis Texas Brewing Company","Austin","TX"
185,"Oasis Texas Brewing Company","Austin","TX"
185,"Oasis Texas Brewing Company","Austin","TX"
185,"Oasis Texas Brewing Company","Austin","TX"
188,"Pedernales Brewing Company","Fredericksburg","TX"
188,"Pedernales Brewing Company","Fredericksburg","TX"
189,"Mother's Brewing","Springfield","MO"
189,"Mother's Brewing","Springfield","MO"
191,"Two Beers Brewing Company","Seattle","WA"
191,"Two Beers Brewing Company","Seattle","WA"
191,"Two Beers Brewing Company","Seattle","WA"
191,"Two Beers Brewing Company","Seattle","WA"
191,"Two Beers Brewing Company","Seattle","WA"
191,"Two Beers Brewing Company","Seattle","WA"
191,"Two Beers Brewing Company","Seattle","WA"
191,"Two Beers Brewing Company","Seattle","WA"
191,"Two Beers Brewing Company","Seattle","WA"
191,"Two Beers Brewing Company","Seattle","WA"
192,"Snake River Brewing Company","Jackson","WY"
192,"Snake River Brewing Company","Jackson","WY"
192,"Snake River Brewing Company","Jackson","WY"
192,"Snake River Brewing Company","Jackson","WY"
192,"Snake River Brewing Company","Jackson","WY"
192,"Snake River Brewing Company","Jackson","WY"
193,"Capital Brewery","Middleton","WI"
193,"Capital Brewery","Middleton","WI"
193,"Capital Brewery","Middleton","WI"
193,"Capital Brewery","Middleton","WI"
193,"Capital Brewery","Middleton","WI"
193,"Capital Brewery","Middleton","WI"
195,"Goodlife Brewing Co.","Bend","OR"
197,"Goose Island Brewery Company","Chicago","IL"
198,"Burnside Brewing Co.","Portland","OR"
199,"Hop Valley Brewing Company","Springfield","OR"
199,"Hop Valley Brewing Company","Springfield","OR"
199,"Hop Valley Brewing Company","Springfield","OR"
199,"Hop Valley Brewing Company","Springfield","OR"
199,"Hop Valley Brewing Company","Springfield","OR"
199,"Hop Valley Brewing Company","Springfield","OR"
199,"Hop Valley Brewing Company","Springfield","OR"
199,"Hop Valley Brewing Company","Springfield","OR"
200,"Worthy Brewing Company","Bend","OR"
200,"Worthy Brewing Company","Bend","OR"
200,"Worthy Brewing Company","Bend","OR"
200,"Worthy Brewing Company","Bend","OR"
200,"Worthy Brewing Company","Bend","OR"
202,"Fearless Brewing Company","Estacada","OR"
202,"Fearless Brewing Company","Estacada","OR"
203,"Upland Brewing Company","Bloomington","IN"
203,"Upland Brewing Company","Bloomington","IN"
204,"Mehana Brewing Co.","Hilo","HI"
204,"Mehana Brewing Co.","Hilo","HI"
204,"Mehana Brewing Co.","Hilo","HI"
204,"Mehana Brewing Co.","Hilo","HI"
204,"Mehana Brewing Co.","Hilo","HI"
204,"Mehana Brewing Co.","Hilo","HI"
206,"People's Brewing Company","Lafayette","IN"
206,"People's Brewing Company","Lafayette","IN"
207,"Fort George Brewery","Astoria","OR"
208,"Branchline Brewing Company","San Antonio","TX"
209,"Kalona Brewing Company","Kalona","IA"
210,"Modern Times Beer","San Diego","CA"
210,"Modern Times Beer","San Diego","CA"
210,"Modern Times Beer","San Diego","CA"
210,"Modern Times Beer","San Diego","CA"
210,"Modern Times Beer","San Diego","CA"
210,"Modern Times Beer","San Diego","CA"
210,"Modern Times Beer","San Diego","CA"
210,"Modern Times Beer","San Diego","CA"
212,"Wisconsin Brewing Company","Verona","WI"
212,"Wisconsin Brewing Company","Verona","WI"
213,"Crow Peak Brewing Company","Spearfish","SD"
213,"Crow Peak Brewing Company","Spearfish","SD"
213,"Crow Peak Brewing Company","Spearfish","SD"
213,"Crow Peak Brewing Company","Spearfish","SD"
213,"Crow Peak Brewing Company","Spearfish","SD"
213,"Crow Peak Brewing Company","Spearfish","SD"
213,"Crow Peak Brewing Company","Spearfish","SD"
214,"Grapevine Craft Brewery","Farmers Branch","TX"
214,"Grapevine Craft Brewery","Farmers Branch","TX"
214,"Grapevine Craft Brewery","Farmers Branch","TX"
215,"Buffalo Bayou Brewing Company","Houston","TX"
215,"Buffalo Bayou Brewing Company","Houston","TX"
215,"Buffalo Bayou Brewing Company","Houston","TX"
216,"Texian Brewing Co.","Richmond","TX"
216,"Texian Brewing Co.","Richmond","TX"
216,"Texian Brewing Co.","Richmond","TX"
216,"Texian Brewing Co.","Richmond","TX"
218,"Forgotten Boardwalk","Cherry Hill","NJ"
218,"Forgotten Boardwalk","Cherry Hill","NJ"
219,"Laughing Dog Brewing Company","Ponderay","ID"
219,"Laughing Dog Brewing Company","Ponderay","ID"
219,"Laughing Dog Brewing Company","Ponderay","ID"
220,"Bozeman Brewing Company","Bozeman","MT"
220,"Bozeman Brewing Company","Bozeman","MT"
220,"Bozeman Brewing Company","Bozeman","MT"
220,"Bozeman Brewing Company","Bozeman","MT"
221,"Big Choice Brewing","Broomfield","CO"
221,"Big Choice Brewing","Broomfield","CO"
221,"Big Choice Brewing","Broomfield","CO"
222,"Big Storm Brewing Company","Odessa","FL"
222,"Big Storm Brewing Company","Odessa","FL"
223,"Carton Brewing Company","Atlantic Highlands","NJ"
223,"Carton Brewing Company","Atlantic Highlands","NJ"
223,"Carton Brewing Company","Atlantic Highlands","NJ"
223,"Carton Brewing Company","Atlantic Highlands","NJ"
224,"Midnight Sun Brewing Company","Anchorage","AK"
224,"Midnight Sun Brewing Company","Anchorage","AK"
224,"Midnight Sun Brewing Company","Anchorage","AK"
224,"Midnight Sun Brewing Company","Anchorage","AK"
224,"Midnight Sun Brewing Company","Anchorage","AK"
225,"Fat Head's Brewery","Middleburg Heights","OH"
225,"Fat Head's Brewery","Middleburg Heights","OH"
226,"Refuge Brewery","Temecula","CA"
227,"Chatham Brewing","Chatham","NY"
227,"Chatham Brewing","Chatham","NY"
228,"DC Brau Brewing Company","Washington","DC"
228,"DC Brau Brewing Company","Washington","DC"
228,"DC Brau Brewing Company","Washington","DC"
228,"DC Brau Brewing Company","Washington","DC"
229,"Geneva Lake Brewing Company","Lake Geneva","WI"
229,"Geneva Lake Brewing Company","Lake Geneva","WI"
229,"Geneva Lake Brewing Company","Lake Geneva","WI"
231,"Cape Ann Brewing Company","Gloucester","MA"
231,"Cape Ann Brewing Company","Gloucester","MA"
231,"Cape Ann Brewing Company","Gloucester","MA"
231,"Cape Ann Brewing Company","Gloucester","MA"
231,"Cape Ann Brewing Company","Gloucester","MA"
232,"Borderlands Brewing Company","Tucson","AZ"
234,"Joseph James Brewing Company","Henderson","NV"
234,"Joseph James Brewing Company","Henderson","NV"
234,"Joseph James Brewing Company","Henderson","NV"
234,"Joseph James Brewing Company","Henderson","NV"
235,"Harpoon Brewery","Boston","MA"
235,"Harpoon Brewery","Boston","MA"
235,"Harpoon Brewery","Boston","MA"
235,"Harpoon Brewery","Boston","MA"
235,"Harpoon Brewery","Boston","MA"
235,"Harpoon Brewery","Boston","MA"
235,"Harpoon Brewery","Boston","MA"
235,"Harpoon Brewery","Boston","MA"
235,"Harpoon Brewery","Boston","MA"
235,"Harpoon Brewery","Boston","MA"
235,"Harpoon Brewery","Boston","MA"
237,"Champion Brewing Company","Charlottesville","VA"
237,"Champion Brewing Company","Charlottesville","VA"
237,"Champion Brewing Company","Charlottesville","VA"
238,"Devil's Backbone Brewing Company","Lexington","VA"
238,"Devil's Backbone Brewing Company","Lexington","VA"
239,"Newburgh Brewing Company","Newburgh","NY"
240,"Wiseacre Brewing Company","Memphis","TN"
240,"Wiseacre Brewing Company","Memphis","TN"
241,"Golden Road Brewing","Los Angeles","CA"
241,"Golden Road Brewing","Los Angeles","CA"
241,"Golden Road Brewing","Los Angeles","CA"
241,"Golden Road Brewing","Los Angeles","CA"
241,"Golden Road Brewing","Los Angeles","CA"
241,"Golden Road Brewing","Los Angeles","CA"
241,"Golden Road Brewing","Los Angeles","CA"
241,"Golden Road Brewing","Los Angeles","CA"
241,"Golden Road Brewing","Los Angeles","CA"
241,"Golden Road Brewing","Los Angeles","CA"
241,"Golden Road Brewing","Los Angeles","CA"
241,"Golden Road Brewing","Los Angeles","CA"
241,"Golden Road Brewing","Los Angeles","CA"
241,"Golden Road Brewing","Los Angeles","CA"
242,"New Republic Brewing Company","College Station","TX"
242,"New Republic Brewing Company","College Station","TX"
242,"New Republic Brewing Company","College Station","TX"
243,"Infamous Brewing Company","Austin","TX"
243,"Infamous Brewing Company","Austin","TX"
245,"Lift Bridge Brewing Company","Stillwater","MN"
245,"Lift Bridge Brewing Company","Stillwater","MN"
246,"Lucky Town Brewing Company","Jackson","MS"
246,"Lucky Town Brewing Company","Jackson","MS"
247,"Quest Brewing Company","Greenville","SC"
247,"Quest Brewing Company","Greenville","SC"
248,"Creature Comforts","Athens","GA"
249,"Half Full Brewery","Stamford","CT"
249,"Half Full Brewery","Stamford","CT"
251,"Chapman's Brewing","Angola","IN"
251,"Chapman's Brewing","Angola","IN"
252,"Barrio Brewing Company","Tucson","AZ"
253,"Santa Cruz Mountain Brewing","Santa Cruz","CA"
254,"Frankenmuth Brewery","Frankenmuth","MI"
254,"Frankenmuth Brewery","Frankenmuth","MI"
257,"Finch's Beer Company","Chicago","IL"
257,"Finch's Beer Company","Chicago","IL"
257,"Finch's Beer Company","Chicago","IL"
258,"South Austin Brewery","South Austin","TX"
258,"South Austin Brewery","South Austin","TX"
258,"South Austin Brewery","South Austin","TX"
259,"Bauhaus Brew Labs","Minneapolis","MN"
259,"Bauhaus Brew Labs","Minneapolis","MN"
259,"Bauhaus Brew Labs","Minneapolis","MN"
259,"Bauhaus Brew Labs","Minneapolis","MN"
260,"Ozark Beer Company","Rogers","AR"
262,"Otter Creek Brewing","Waterbury","VT"
265,"Ska Brewing Company","Durango","CO"
265,"Ska Brewing Company","Durango","CO"
265,"Ska Brewing Company","Durango","CO"
265,"Ska Brewing Company","Durango","CO"
265,"Ska Brewing Company","Durango","CO"
266,"Tractor Brewing Company","Albuquerque","NM"
266,"Tractor Brewing Company","Albuquerque","NM"
267,"Peak Organic Brewing Company","Portland","ME"
268,"Cape Cod Beer","Hyannis","MA"
268,"Cape Cod Beer","Hyannis","MA"
269,"Long Trail Brewing Company","Bridgewater Corners","VT"
269,"Long Trail Brewing Company","Bridgewater Corners","VT"
269,"Long Trail Brewing Company","Bridgewater Corners","VT"
269,"Long Trail Brewing Company","Bridgewater Corners","VT"
269,"Long Trail Brewing Company","Bridgewater Corners","VT"
270,"Great Raft Brewing Company","Shreveport","LA"
271,"Alaskan Brewing Company","Juneau","AK"
271,"Alaskan Brewing Company","Juneau","AK"
273,"The Alchemist","Waterbury","VT"
273,"The Alchemist","Waterbury","VT"
274,"Three Notch'd Brewing Company","Charlottesville","VA"
274,"Three Notch'd Brewing Company","Charlottesville","VA"
276,"Otter Creek Brewing","Middlebury","VT"
277,"Montauk Brewing Company","Montauk","NY"
277,"Montauk Brewing Company","Montauk","NY"
278,"Indeed Brewing Company","Minneapolis","MN"
278,"Indeed Brewing Company","Minneapolis","MN"
278,"Indeed Brewing Company","Minneapolis","MN"
278,"Indeed Brewing Company","Minneapolis","MN"
278,"Indeed Brewing Company","Minneapolis","MN"
278,"Indeed Brewing Company","Minneapolis","MN"
279,"Berkshire Brewing Company","South Deerfield","MA"
279,"Berkshire Brewing Company","South Deerfield","MA"
281,"Headlands Brewing Company","Mill Valley","CA"
281,"Headlands Brewing Company","Mill Valley","CA"
281,"Headlands Brewing Company","Mill Valley","CA"
282,"Bolero Snort Brewery","Ridgefield Park","NJ"
282,"Bolero Snort Brewery","Ridgefield Park","NJ"
284,"Defiance Brewing Company","Hays","KS"
284,"Defiance Brewing Company","Hays","KS"
285,"Milwaukee Brewing Company","Milwaukee","WI"
285,"Milwaukee Brewing Company","Milwaukee","WI"
285,"Milwaukee Brewing Company","Milwaukee","WI"
285,"Milwaukee Brewing Company","Milwaukee","WI"
285,"Milwaukee Brewing Company","Milwaukee","WI"
285,"Milwaukee Brewing Company","Milwaukee","WI"
286,"Catawba Island Brewing","Port Clinton","OH"
286,"Catawba Island Brewing","Port Clinton","OH"
287,"Back Forty Beer Company","Gadsden","AL"
288,"Four Corners Brewing Company","Dallas","TX"
288,"Four Corners Brewing Company","Dallas","TX"
288,"Four Corners Brewing Company","Dallas","TX"
289,"Saint Archer Brewery","San Diego","CA"
289,"Saint Archer Brewery","San Diego","CA"
289,"Saint Archer Brewery","San Diego","CA"
289,"Saint Archer Brewery","San Diego","CA"
291,"Hale's Ales","Seattle","WA"
292,"Tommyknocker Brewery","Idaho Springs","CO"
292,"Tommyknocker Brewery","Idaho Springs","CO"
293,"Baxter Brewing Company","Lewiston","ME"
293,"Baxter Brewing Company","Lewiston","ME"
293,"Baxter Brewing Company","Lewiston","ME"
293,"Baxter Brewing Company","Lewiston","ME"
295,"Black Shirt Brewing Company","Denver","CO"
295,"Black Shirt Brewing Company","Denver","CO"
295,"Black Shirt Brewing Company","Denver","CO"
295,"Black Shirt Brewing Company","Denver","CO"
296,"Wachusett Brewing Company","Westminster","MA"
296,"Wachusett Brewing Company","Westminster","MA"
296,"Wachusett Brewing Company","Westminster","MA"
296,"Wachusett Brewing Company","Westminster","MA"
296,"Wachusett Brewing Company","Westminster","MA"
296,"Wachusett Brewing Company","Westminster","MA"
296,"Wachusett Brewing Company","Westminster","MA"
296,"Wachusett Brewing Company","Westminster","MA"
296,"Wachusett Brewing Company","Westminster","MA"
297,"Widmer Brothers Brewing Company","Portland","OR"
297,"Widmer Brothers Brewing Company","Portland","OR"
297,"Widmer Brothers Brewing Company","Portland","OR"
298,"Hop Farm Brewing Company","Pittsburgh","PA"
298,"Hop Farm Brewing Company","Pittsburgh","PA"
298,"Hop Farm Brewing Company","Pittsburgh","PA"
299,"Liquid Hero Brewery","York","PA"
299,"Liquid Hero Brewery","York","PA"
299,"Liquid Hero Brewery","York","PA"
299,"Liquid Hero Brewery","York","PA"
300,"Matt Brewing Company","Utica","NY"
300,"Matt Brewing Company","Utica","NY"
300,"Matt Brewing Company","Utica","NY"
301,"Boston Beer Company","Boston","MA"
301,"Boston Beer Company","Boston","MA"
301,"Boston Beer Company","Boston","MA"
301,"Boston Beer Company","Boston","MA"
301,"Boston Beer Company","Boston","MA"
301,"Boston Beer Company","Boston","MA"
301,"Boston Beer Company","Boston","MA"
302,"Old Forge Brewing Company","Danville","PA"
302,"Old Forge Brewing Company","Danville","PA"
303,"Utah Brewers Cooperative","Salt Lake City","UT"
303,"Utah Brewers Cooperative","Salt Lake City","UT"
304,"Magic Hat Brewing Company","South Burlington","VT"
304,"Magic Hat Brewing Company","South Burlington","VT"
304,"Magic Hat Brewing Company","South Burlington","VT"
305,"Blue Hills Brewery","Canton","MA"
307,"Beach Brewing Company","Virginia Beach","VA"
308,"Payette Brewing Company","Garden City","ID"
308,"Payette Brewing Company","Garden City","ID"
308,"Payette Brewing Company","Garden City","ID"
308,"Payette Brewing Company","Garden City","ID"
309,"Brew Bus Brewing","Tampa","FL"
309,"Brew Bus Brewing","Tampa","FL"
309,"Brew Bus Brewing","Tampa","FL"
310,"Sockeye Brewing Company","Boise","ID"
310,"Sockeye Brewing Company","Boise","ID"
310,"Sockeye Brewing Company","Boise","ID"
310,"Sockeye Brewing Company","Boise","ID"
310,"Sockeye Brewing Company","Boise","ID"
310,"Sockeye Brewing Company","Boise","ID"
310,"Sockeye Brewing Company","Boise","ID"
312,"Dirty Bucket Brewing Company","Woodinville","WA"
313,"Jackalope Brewing Company","Nashville","TN"
314,"Slanted Rock Brewing Company","Meridian","ID"
314,"Slanted Rock Brewing Company","Meridian","ID"
315,"Piney River Brewing Company","Bucryus","MO"
315,"Piney River Brewing Company","Bucryus","MO"
315,"Piney River Brewing Company","Bucryus","MO"
315,"Piney River Brewing Company","Bucryus","MO"
315,"Piney River Brewing Company","Bucryus","MO"
315,"Piney River Brewing Company","Bucryus","MO"
315,"Piney River Brewing Company","Bucryus","MO"
319,"Banner Beer Company","Williamsburg","MA"
319,"Banner Beer Company","Williamsburg","MA"
321,"Claremont Craft Ales","Claremont","CA"
322,"Rivertown Brewing Company","Lockland","OH"
322,"Rivertown Brewing Company","Lockland","OH"
323,"Voodoo Brewery","Meadville","PA"
323,"Voodoo Brewery","Meadville","PA"
323,"Voodoo Brewery","Meadville","PA"
323,"Voodoo Brewery","Meadville","PA"
323,"Voodoo Brewery","Meadville","PA"
323,"Voodoo Brewery","Meadville","PA"
325,"Pisgah Brewing Company","Black Mountain","NC"
325,"Pisgah Brewing Company","Black Mountain","NC"
327,"Morgan Street Brewery","Saint Louis","MO"
327,"Morgan Street Brewery","Saint Louis","MO"
327,"Morgan Street Brewery","Saint Louis","MO"
327,"Morgan Street Brewery","Saint Louis","MO"
327,"Morgan Street Brewery","Saint Louis","MO"
329,"The Just Beer Project","Burlington","VT"
330,"The Bronx Brewery","Bronx","NY"
330,"The Bronx Brewery","Bronx","NY"
330,"The Bronx Brewery","Bronx","NY"
331,"Dead Armadillo Craft Brewing","Tulsa","OK"
333,"La Cumbre Brewing Company","Albuquerque","NM"
333,"La Cumbre Brewing Company","Albuquerque","NM"
336,"Fargo Brewing Company","Fargo","ND"
336,"Fargo Brewing Company","Fargo","ND"
336,"Fargo Brewing Company","Fargo","ND"
337,"Big Sky Brewing Company","Missoula","MT"
337,"Big Sky Brewing Company","Missoula","MT"
337,"Big Sky Brewing Company","Missoula","MT"
337,"Big Sky Brewing Company","Missoula","MT"
337,"Big Sky Brewing Company","Missoula","MT"
337,"Big Sky Brewing Company","Missoula","MT"
337,"Big Sky Brewing Company","Missoula","MT"
337,"Big Sky Brewing Company","Missoula","MT"
337,"Big Sky Brewing Company","Missoula","MT"
337,"Big Sky Brewing Company","Missoula","MT"
337,"Big Sky Brewing Company","Missoula","MT"
338,"Nebraska Brewing Company","Papillion","NE"
338,"Nebraska Brewing Company","Papillion","NE"
338,"Nebraska Brewing Company","Papillion","NE"
338,"Nebraska Brewing Company","Papillion","NE"
338,"Nebraska Brewing Company","Papillion","NE"
340,"Wormtown Brewery","Worcester","MA"
341,"Due South Brewing Company","Boynton Beach","FL"
343,"KelSo Beer Company","Brooklyn","NY"
343,"KelSo Beer Company","Brooklyn","NY"
343,"KelSo Beer Company","Brooklyn","NY"
344,"Hardywood Park Craft Brewery","Richmond","VA"
344,"Hardywood Park Craft Brewery","Richmond","VA"
344,"Hardywood Park Craft Brewery","Richmond","VA"
345,"Wolf Hills Brewing Company","Abingdon","VA"
346,"Lavery Brewing Company","Erie","PA"
346,"Lavery Brewing Company","Erie","PA"
347,"Manzanita Brewing Company","Santee","CA"
347,"Manzanita Brewing Company","Santee","CA"
347,"Manzanita Brewing Company","Santee","CA"
347,"Manzanita Brewing Company","Santee","CA"
347,"Manzanita Brewing Company","Santee","CA"
351,"Central Coast Brewing Company","San Luis Obispo","CA"
351,"Central Coast Brewing Company","San Luis Obispo","CA"
351,"Central Coast Brewing Company","San Luis Obispo","CA"
351,"Central Coast Brewing Company","San Luis Obispo","CA"
352,"Westfield River Brewing Company","Westfield","MA"
352,"Westfield River Brewing Company","Westfield","MA"
356,"Pikes Peak Brewing Company","Monument","CO"
357,"Manayunk Brewing Company","Philadelphia","PA"
357,"Manayunk Brewing Company","Philadelphia","PA"
357,"Manayunk Brewing Company","Philadelphia","PA"
357,"Manayunk Brewing Company","Philadelphia","PA"
357,"Manayunk Brewing Company","Philadelphia","PA"
360,"NoDa Brewing Company","Charlotte","NC"
360,"NoDa Brewing Company","Charlotte","NC"
361,"Aviator Brewing Company","Fuquay-Varina","NC"
361,"Aviator Brewing Company","Fuquay-Varina","NC"
361,"Aviator Brewing Company","Fuquay-Varina","NC"
361,"Aviator Brewing Company","Fuquay-Varina","NC"
361,"Aviator Brewing Company","Fuquay-Varina","NC"
362,"Wild Onion Brewing Company","Lake Barrington","IL"
362,"Wild Onion Brewing Company","Lake Barrington","IL"
362,"Wild Onion Brewing Company","Lake Barrington","IL"
362,"Wild Onion Brewing Company","Lake Barrington","IL"
362,"Wild Onion Brewing Company","Lake Barrington","IL"
362,"Wild Onion Brewing Company","Lake Barrington","IL"
362,"Wild Onion Brewing Company","Lake Barrington","IL"
363,"Hilliard's Beer","Seattle","WA"
363,"Hilliard's Beer","Seattle","WA"
363,"Hilliard's Beer","Seattle","WA"
363,"Hilliard's Beer","Seattle","WA"
363,"Hilliard's Beer","Seattle","WA"
366,"Great River Brewery","Davenport","IA"
366,"Great River Brewery","Davenport","IA"
366,"Great River Brewery","Davenport","IA"
366,"Great River Brewery","Davenport","IA"
366,"Great River Brewery","Davenport","IA"
366,"Great River Brewery","Davenport","IA"
366,"Great River Brewery","Davenport","IA"
366,"Great River Brewery","Davenport","IA"
366,"Great River Brewery","Davenport","IA"
366,"Great River Brewery","Davenport","IA"
366,"Great River Brewery","Davenport","IA"
366,"Great River Brewery","Davenport","IA"
366,"Great River Brewery","Davenport","IA"
366,"Great River Brewery","Davenport","IA"
366,"Great River Brewery","Davenport","IA"
367,"Mustang Brewing Company","Mustang","OK"
367,"Mustang Brewing Company","Mustang","OK"
368,"Airways Brewing Company","Kent","WA"
368,"Airways Brewing Company","Kent","WA"
368,"Airways Brewing Company","Kent","WA"
369,"21st Amendment Brewery","San Francisco","CA"
369,"21st Amendment Brewery","San Francisco","CA"
369,"21st Amendment Brewery","San Francisco","CA"
369,"21st Amendment Brewery","San Francisco","CA"
369,"21st Amendment Brewery","San Francisco","CA"
369,"21st Amendment Brewery","San Francisco","CA"
369,"21st Amendment Brewery","San Francisco","CA"
369,"21st Amendment Brewery","San Francisco","CA"
369,"21st Amendment Brewery","San Francisco","CA"
369,"21st Amendment Brewery","San Francisco","CA"
369,"21st Amendment Brewery","San Francisco","CA"
369,"21st Amendment Brewery","San Francisco","CA"
369,"21st Amendment Brewery","San Francisco","CA"
369,"21st Amendment Brewery","San Francisco","CA"
369,"21st Amendment Brewery","San Francisco","CA"
369,"21st Amendment Brewery","San Francisco","CA"
369,"21st Amendment Brewery","San Francisco","CA"
370,"Eddyline Brewery & Restaurant","Buena Vista","CO"
370,"Eddyline Brewery & Restaurant","Buena Vista","CO"
372,"Sly Fox Brewing Company","Pottstown","PA"
372,"Sly Fox Brewing Company","Pottstown","PA"
372,"Sly Fox Brewing Company","Pottstown","PA"
372,"Sly Fox Brewing Company","Pottstown","PA"
372,"Sly Fox Brewing Company","Pottstown","PA"
372,"Sly Fox Brewing Company","Pottstown","PA"
372,"Sly Fox Brewing Company","Pottstown","PA"
372,"Sly Fox Brewing Company","Pottstown","PA"
372,"Sly Fox Brewing Company","Pottstown","PA"
372,"Sly Fox Brewing Company","Pottstown","PA"
372,"Sly Fox Brewing Company","Pottstown","PA"
375,"Astoria Brewing Company","Astoria","OR"
375,"Astoria Brewing Company","Astoria","OR"
375,"Astoria Brewing Company","Astoria","OR"
375,"Astoria Brewing Company","Astoria","OR"
376,"Maui Brewing Company","Lahaina","HI"
376,"Maui Brewing Company","Lahaina","HI"
376,"Maui Brewing Company","Lahaina","HI"
376,"Maui Brewing Company","Lahaina","HI"
376,"Maui Brewing Company","Lahaina","HI"
376,"Maui Brewing Company","Lahaina","HI"
376,"Maui Brewing Company","Lahaina","HI"
376,"Maui Brewing Company","Lahaina","HI"
377,"RoughTail Brewing Company","Midwest City","OK"
377,"RoughTail Brewing Company","Midwest City","OK"
378,"Lucette Brewing Company","Menominee","WI"
380,"Grey Sail Brewing of Rhode Island","Westerly","RI"
380,"Grey Sail Brewing of Rhode Island","Westerly","RI"
380,"Grey Sail Brewing of Rhode Island","Westerly","RI"
380,"Grey Sail Brewing of Rhode Island","Westerly","RI"
380,"Grey Sail Brewing of Rhode Island","Westerly","RI"
381,"Blue Blood Brewing Company","Lincoln","NE"
381,"Blue Blood Brewing Company","Lincoln","NE"
381,"Blue Blood Brewing Company","Lincoln","NE"
381,"Blue Blood Brewing Company","Lincoln","NE"
383,"Blue Mountain Brewery","Afton","VA"
383,"Blue Mountain Brewery","Afton","VA"
383,"Blue Mountain Brewery","Afton","VA"
383,"Blue Mountain Brewery","Afton","VA"
384,"Starr Hill Brewery","Crozet","VA"
384,"Starr Hill Brewery","Crozet","VA"
384,"Starr Hill Brewery","Crozet","VA"
384,"Starr Hill Brewery","Crozet","VA"
385,"Westbrook Brewing Company","Mt. Pleasant","SC"
385,"Westbrook Brewing Company","Mt. Pleasant","SC"
385,"Westbrook Brewing Company","Mt. Pleasant","SC"
386,"Shipyard Brewing Company","Portland","ME"
388,"Natian Brewery","Portland","OR"
388,"Natian Brewery","Portland","OR"
390,"Oskar Blues Brewery (North Carol...","Brevard","NC"
390,"Oskar Blues Brewery (North Carol...","Brevard","NC"
390,"Oskar Blues Brewery (North Carol...","Brevard","NC"
390,"Oskar Blues Brewery (North Carol...","Brevard","NC"
390,"Oskar Blues Brewery (North Carol...","Brevard","NC"
390,"Oskar Blues Brewery (North Carol...","Brevard","NC"
392,"Breckenridge Brewery","Denver","CO"
392,"Breckenridge Brewery","Denver","CO"
392,"Breckenridge Brewery","Denver","CO"
392,"Breckenridge Brewery","Denver","CO"
393,"Santa Fe Brewing Company","Santa Fe","NM"
393,"Santa Fe Brewing Company","Santa Fe","NM"
394,"Miami Brewing Company","Miami","FL"
394,"Miami Brewing Company","Miami","FL"
394,"Miami Brewing Company","Miami","FL"
394,"Miami Brewing Company","Miami","FL"
396,"Hops & Grain Brewery","Austin","TX"
396,"Hops & Grain Brewery","Austin","TX"
398,"Ruhstaller Beer Company","Sacramento","CA"
398,"Ruhstaller Beer Company","Sacramento","CA"
398,"Ruhstaller Beer Company","Sacramento","CA"
398,"Ruhstaller Beer Company","Sacramento","CA"
398,"Ruhstaller Beer Company","Sacramento","CA"
399,"Saugatuck Brewing Company","Douglas","MI"
402,"Amnesia Brewing Company","Washougal","WA"
403,"Wolverine State Brewing Company","Ann Arbor","MI"
406,"Fate Brewing Company","Boulder","CO"
406,"Fate Brewing Company","Boulder","CO"
406,"Fate Brewing Company","Boulder","CO"
406,"Fate Brewing Company","Boulder","CO"
406,"Fate Brewing Company","Boulder","CO"
411,"New England Brewing Company","Woodbridge","CT"
411,"New England Brewing Company","Woodbridge","CT"
411,"New England Brewing Company","Woodbridge","CT"
413,"Straight to Ale","Huntsville","AL"
413,"Straight to Ale","Huntsville","AL"
413,"Straight to Ale","Huntsville","AL"
415,"Blue Mountain Brewery","Arrington","VA"
416,"Coastal Empire Beer Company","Savannah","GA"
416,"Coastal Empire Beer Company","Savannah","GA"
418,"Boulder Beer Company","Boulder","CO"
418,"Boulder Beer Company","Boulder","CO"
418,"Boulder Beer Company","Boulder","CO"
419,"Coalition Brewing Company","Portland","OR"
419,"Coalition Brewing Company","Portland","OR"
420,"Sanitas Brewing Company","Boulder","CO"
420,"Sanitas Brewing Company","Boulder","CO"
421,"Gore Range Brewery","Edwards","CO"
424,"Hess Brewing Company","San Diego","CA"
424,"Hess Brewing Company","San Diego","CA"
424,"Hess Brewing Company","San Diego","CA"
425,"Wynkoop Brewing Company","Denver","CO"
425,"Wynkoop Brewing Company","Denver","CO"
427,"Armadillo Ale Works","Denton","TX"
427,"Armadillo Ale Works","Denton","TX"
429,"Schlafly Brewing Company","Saint Louis","MO"
429,"Schlafly Brewing Company","Saint Louis","MO"
429,"Schlafly Brewing Company","Saint Louis","MO"
429,"Schlafly Brewing Company","Saint Louis","MO"
429,"Schlafly Brewing Company","Saint Louis","MO"
430,"Asher Brewing Company","Boulder","CO"
431,"Lost Rhino Brewing Company","Ashburn","VA"
431,"Lost Rhino Brewing Company","Ashburn","VA"
433,"Seabright Brewery","Santa Cruz","CA"
434,"French Broad Brewery","Asheville","NC"
434,"French Broad Brewery","Asheville","NC"
434,"French Broad Brewery","Asheville","NC"
437,"Southern Oregon Brewing Company","Medford","OR"
437,"Southern Oregon Brewing Company","Medford","OR"
438,"Brooklyn Brewery","Brooklyn","NY"
438,"Brooklyn Brewery","Brooklyn","NY"
440,"Kona Brewing Company","Kona","HI"
440,"Kona Brewing Company","Kona","HI"
440,"Kona Brewing Company","Kona","HI"
440,"Kona Brewing Company","Kona","HI"
442,"Pateros Creek Brewing Company","Fort Collins","CO"
442,"Pateros Creek Brewing Company","Fort Collins","CO"
442,"Pateros Creek Brewing Company","Fort Collins","CO"
442,"Pateros Creek Brewing Company","Fort Collins","CO"
442,"Pateros Creek Brewing Company","Fort Collins","CO"
443,"O'Fallon Brewery","O'Fallon","MO"
443,"O'Fallon Brewery","O'Fallon","MO"
445,"Big Wood Brewery","Vadnais Heights","MN"
445,"Big Wood Brewery","Vadnais Heights","MN"
445,"Big Wood Brewery","Vadnais Heights","MN"
445,"Big Wood Brewery","Vadnais Heights","MN"
445,"Big Wood Brewery","Vadnais Heights","MN"
448,"Swamp Head Brewery","Gainesville","FL"
448,"Swamp Head Brewery","Gainesville","FL"
448,"Swamp Head Brewery","Gainesville","FL"
448,"Swamp Head Brewery","Gainesville","FL"
448,"Swamp Head Brewery","Gainesville","FL"
449,"Mavericks Beer Company","Half Moon Bay","CA"
449,"Mavericks Beer Company","Half Moon Bay","CA"
449,"Mavericks Beer Company","Half Moon Bay","CA"
450,"TailGate Beer","San Diego","CA"
450,"TailGate Beer","San Diego","CA"
450,"TailGate Beer","San Diego","CA"
450,"TailGate Beer","San Diego","CA"
450,"TailGate Beer","San Diego","CA"
450,"TailGate Beer","San Diego","CA"
450,"TailGate Beer","San Diego","CA"
451,"Northwest Brewing Company","Pacific","WA"
454,"Denali Brewing Company","Talkeetna","AK"
454,"Denali Brewing Company","Talkeetna","AK"
454,"Denali Brewing Company","Talkeetna","AK"
454,"Denali Brewing Company","Talkeetna","AK"
455,"Deschutes Brewery","Bend","OR"
458,"The Black Tooth Brewing Company","Sheridan","WY"
458,"The Black Tooth Brewing Company","Sheridan","WY"
458,"The Black Tooth Brewing Company","Sheridan","WY"
458,"The Black Tooth Brewing Company","Sheridan","WY"
459,"Kenai River Brewing Company","Soldotna","AK"
461,"Fremont Brewing Company","Seattle","WA"
461,"Fremont Brewing Company","Seattle","WA"
461,"Fremont Brewing Company","Seattle","WA"
461,"Fremont Brewing Company","Seattle","WA"
462,"Armstrong Brewing Company","South San Francisco","CA"
463,"AC Golden Brewing Company","Golden","CO"
463,"AC Golden Brewing Company","Golden","CO"
465,"Good Life Brewing Company","Bend","OR"
465,"Good Life Brewing Company","Bend","OR"
467,"Green Room Brewing","Jacksonville","FL"
470,"Terrapin Brewing Company","Athens","GA"
472,"Okoboji Brewing Company","Spirit Lake","IA"
472,"Okoboji Brewing Company","Spirit Lake","IA"
472,"Okoboji Brewing Company","Spirit Lake","IA"
472,"Okoboji Brewing Company","Spirit Lake","IA"
472,"Okoboji Brewing Company","Spirit Lake","IA"
472,"Okoboji Brewing Company","Spirit Lake","IA"
473,"Crystal Springs Brewing Company","Boulder","CO"
473,"Crystal Springs Brewing Company","Boulder","CO"
476,"Red Hare Brewing Company","Marietta","GA"
476,"Red Hare Brewing Company","Marietta","GA"
477,"Hangar 24 Craft Brewery","Redlands","CA"
477,"Hangar 24 Craft Brewery","Redlands","CA"
479,"Good People Brewing Company","Birmingham","AL"
479,"Good People Brewing Company","Birmingham","AL"
479,"Good People Brewing Company","Birmingham","AL"
479,"Good People Brewing Company","Birmingham","AL"
479,"Good People Brewing Company","Birmingham","AL"
480,"Heavy Seas Beer","Halethorpe","MD"
480,"Heavy Seas Beer","Halethorpe","MD"
482,"7 Seas Brewing Company","Gig Harbor","WA"
482,"7 Seas Brewing Company","Gig Harbor","WA"
482,"7 Seas Brewing Company","Gig Harbor","WA"
482,"7 Seas Brewing Company","Gig Harbor","WA"
483,"Confluence Brewing Company","Des Moines","IA"
483,"Confluence Brewing Company","Des Moines","IA"
483,"Confluence Brewing Company","Des Moines","IA"
484,"Bale Breaker Brewing Company","Yakima","WA"
484,"Bale Breaker Brewing Company","Yakima","WA"
486,"MacTarnahans Brewing Company","Portland","OR"
487,"Stillmank Beer Company","Green Bay","WI"
488,"Redhook Brewery","Woodinville","WA"
488,"Redhook Brewery","Woodinville","WA"
488,"Redhook Brewery","Woodinville","WA"
490,"Blue Point Brewing Company","Patchogue","NY"
490,"Blue Point Brewing Company","Patchogue","NY"
490,"Blue Point Brewing Company","Patchogue","NY"
491,"Tampa Bay Brewing Company","Tampa","FL"
492,"Devil's Canyon Brewery","Belmont","CA"
492,"Devil's Canyon Brewery","Belmont","CA"
492,"Devil's Canyon Brewery","Belmont","CA"
494,"Broken Tooth Brewing Company","Anchorage","AK"
494,"Broken Tooth Brewing Company","Anchorage","AK"
494,"Broken Tooth Brewing Company","Anchorage","AK"
495,"Seven Brides Brewery","Silverton","OR"
495,"Seven Brides Brewery","Silverton","OR"
497,"Dry Dock Brewing Company","Aurora","CO"
497,"Dry Dock Brewing Company","Aurora","CO"
497,"Dry Dock Brewing Company","Aurora","CO"
497,"Dry Dock Brewing Company","Aurora","CO"
499,"Sprecher Brewing Company","Glendale","WI"
499,"Sprecher Brewing Company","Glendale","WI"
501,"High Noon Saloon And Brewery","Leavenworth","KS"
504,"Oskar Blues Brewery","Lyons","CO"
504,"Oskar Blues Brewery","Lyons","CO"
504,"Oskar Blues Brewery","Lyons","CO"
504,"Oskar Blues Brewery","Lyons","CO"
504,"Oskar Blues Brewery","Lyons","CO"
504,"Oskar Blues Brewery","Lyons","CO"
504,"Oskar Blues Brewery","Lyons","CO"
504,"Oskar Blues Brewery","Lyons","CO"
504,"Oskar Blues Brewery","Lyons","CO"
504,"Oskar Blues Brewery","Lyons","CO"
504,"Oskar Blues Brewery","Lyons","CO"
504,"Oskar Blues Brewery","Lyons","CO"
506,"Krebs Brewing Company (Pete's Pl...","Krebs","OK"
510,"Wingman Brewers","Tacoma","WA"
510,"Wingman Brewers","Tacoma","WA"
511,"Kettle House Brewing Company","Missoula","MT"
511,"Kettle House Brewing Company","Missoula","MT"
511,"Kettle House Brewing Company","Missoula","MT"
511,"Kettle House Brewing Company","Missoula","MT"
511,"Kettle House Brewing Company","Missoula","MT"
511,"Kettle House Brewing Company","Missoula","MT"
516,"Crabtree Brewing Company","Greeley","CO"
516,"Crabtree Brewing Company","Greeley","CO"
517,"Emerald City Beer Company","Seattle","WA"
518,"Butcher's Brewing","Carlsbad","CA"
520,"Big River Brewing Company","Chattanooga","TN"
520,"Big River Brewing Company","Chattanooga","TN"
521,"Twisted Pine Brewing Company","Boulder","CO"
522,"Flying Dog Brewery","Frederick","MD"
522,"Flying Dog Brewery","Frederick","MD"
524,"Aspen Brewing Company","Aspen","CO"
524,"Aspen Brewing Company","Aspen","CO"
526,"Bomb Beer Company","New York","NY"
527,"Churchkey Can Company","Seattle","WA"
528,"Intuition Ale Works","Jacksonville","FL"
528,"Intuition Ale Works","Jacksonville","FL"
528,"Intuition Ale Works","Jacksonville","FL"
529,"Asheville Brewing Company","Asheville","NC"
529,"Asheville Brewing Company","Asheville","NC"
529,"Asheville Brewing Company","Asheville","NC"
531,"Buckbean Brewing Company","Reno","NV"
531,"Buckbean Brewing Company","Reno","NV"
531,"Buckbean Brewing Company","Reno","NV"
531,"Buckbean Brewing Company","Reno","NV"
534,"Abita Brewing Company","Abita Springs","LA"
534,"Abita Brewing Company","Abita Springs","LA"
534,"Abita Brewing Company","Abita Springs","LA"
539,"Dundee Brewing Company","Rochester","NY"
540,"Twin Lakes Brewing Company","Greenville","DE"
542,"Arcadia Brewing Company","Battle Creek","MI"
542,"Arcadia Brewing Company","Battle Creek","MI"
544,"Great Northern Brewing Company","Whitefish","MT"
544,"Great Northern Brewing Company","Whitefish","MT"
545,"Pyramid Breweries","Seattle","WA"
545,"Pyramid Breweries","Seattle","WA"
546,"Lancaster Brewing Company","Lancaster","PA"
546,"Lancaster Brewing Company","Lancaster","PA"
547,"Upstate Brewing Company","Elmira","NY"
547,"Upstate Brewing Company","Elmira","NY"
