"BeerName","Beer_ID","ABV","IBU","Style","Ounces"
"Get Together",2692,0.045,50,"American IPA",16
"Maggie's Leap",2691,0.049,26,"Milk / Sweet Stout",16
"Wall's End",2690,0.048,19,"English Brown Ale",16
"Pumpion",2689,0.06,38,"Pumpkin Ale",16
"Stronghold",2688,0.06,25,"American Porter",16
"Parapet ESB",2687,0.056,47,"Extra Special / Strong Bitter (ESB)",16
"Citra Ass Down",2686,0.08,68,"American Double / Imperial IPA",16
"London Balling",2685,0.125,80,"English Barleywine",16
"35 K",2684,0.077,25,"Milk / Sweet Stout",16
"A Beer",2683,0.042,42,"American Pale Ale (APA)",16
"Rules are Rules",2682,0.05,25,"German Pilsener",16
"Flesh Gourd'n",2681,0.066,21,"Pumpkin Ale",16
"Sho'nuff",2680,0.04,13,"Belgian Pale Ale",16
"Bloody Show",2679,0.055,17,"American Pilsner",16
"Rico Sauvin",2678,0.076,68,"American Double / Imperial IPA",16
"Coq de la Marche",2677,0.051,38,"Saison / Farmhouse Ale",16
"Pile of Face",2675,0.06,65,"American IPA",16
"The Brown Note",2674,0.05,20,"English Brown Ale",16
"House Lager",2673,0.052,18,"Keller Bier / Zwickel Bier",16
"Leisure Time",2672,0.048,15,"American Pale Lager",12
"Excess IPL",2671,0.072,80,"American India Pale Lager",16
"Hoponius Union",2670,0.067,65,"American India Pale Lager",12
"Calyptra",2669,0.049,45,"American India Pale Lager",12
"Habitus (2014)",2668,0.08,100,"American Double / Imperial IPA",16
"Solis",2667,0.075,85,"American IPA",16
"Jucundus",2666,0.06,24,"Wheat Ale",16
"Habitus",2664,0.08,100,"American Double / Imperial IPA",16
"Grazias",2663,0.063,30,"Cream Ale",16
"Claritas",2662,0.058,28,"Kölsch",16
"Park",2661,0.047,19,"American Pale Wheat Ale",12
"Westfalia",2660,0.056,16,"American Amber / Red Ale",12
"KSA",2659,0.046,17,"Kölsch",12
"Villager",2658,0.063,42,"American IPA",12
"Yeti  Imperial Stout",2644,0.095,75,"Russian Imperial Stout",12
"Peck's Porter",2640,0.065,35,"American Porter",16
"Dark Star",2639,0.08,54,"American Stout",16
"Sparkle",2635,0.041,12,"American Pale Lager",16
"North 45 Amber Ale",1404,0.059,25,"American Amber / Red Ale",16
"Horny Monk",1403,0.069,20,"Dubbel",16
"Mind's Eye PA",1402,0.067,74,"American IPA",16
"Nordskye",2634,0.048,47,"American IPA",12
"North Third Stout",2153,0.06,30,"Foreign / Export Stout",12
"51K IPA",1481,0.07,51,"American IPA",12
"Hotbox Brown",2633,0.055,10,"American Brown Ale",12
"Gold",2632,0.048,15,"American Blonde Ale",12
"98 Problems (Cuz A Hop Ain't One)",2630,0.065,65,"American IPA",12
"Veteran’s Pale Ale (VPA)",2629,0.05,40,"American Pale Ale (APA)",12
"Grapefruit IPA",2628,0.05,35,"American IPA",12
"Train Hopper",2627,0.058,72,"American IPA",12
"Dirty Bastard",2625,0.085,50,"Scotch Ale / Wee Heavy",12
"Centennial IPA",1565,0.072,65,"American IPA",12
"All Day IPA",1223,0.047,42,"American IPA",12
"Hinchtown Hammer Down",2284,0.05,27,"American Blonde Ale",16
"Half Cycle IPA",1610,0.06,104,"American IPA",16
"Cafe Leche",2623,0.058,20,"American Porter",16
"Damascene Apricot Sour",2622,0.052,12,"Fruit / Vegetable Beer",16
"Csar",2621,0.12,90,"Russian Imperial Stout",16
"Overlord Imperial IPA",1449,0.085,115,"American Double / Imperial IPA",16
"Alloy",951,0.058,36,"American IPA",16
"Rivet Irish Red Ale",950,0.051,22,"Irish Red Ale",16
"3 Gear Robust Porter",949,0.052,50,"American Porter",16
"Circuit Bohemian Pilsner",948,0.045,35,"Czech Pilsener",16
"Saucy Intruder",2620,0.072,75,"Rye Beer",16
"Thai.p.a",2618,0.07,46,"American IPA",16
"Citra Faced",2617,0.055,64,"American Pale Wheat Ale",16
"Pole Barn Stout",2616,0.055,31,"Oatmeal Stout",16
"Pale",2615,0.054,37,"American Pale Ale (APA)",16
"Yoshi's Nectar",2614,0.053,27,"California Common / Steam Beer",16
"The Gadget",2610,0.064,90,"American IPA",16
"Tribute",2609,0.058,58,"American Pale Ale (APA)",12
"Pale Alement",2478,0.055,40,"American Pale Ale (APA)",12
"Hopkick Dropkick",2471,0.099,115,"American Double / Imperial IPA",12
"Joey Wheat",2160,0.068,16,"American Pale Wheat Ale",16
"3:33 Black IPA",2158,0.072,86,"American IPA",16
"Pale Alement",2054,0.055,40,"American Pale Ale (APA)",16
"Tip Off",2605,0.052,29,"Altbier",16
"Cowbell",2164,0.054,23,"American Porter",16
"Hop Up Offa That Brett (2014)",2085,0.058,20,"Belgian Pale Ale",16
"PV Muckle (2013)",2084,0.083,23,"Scotch Ale / Wee Heavy",16
"Bourbon Barrel Batch 666: Sympathy for the Devil",2083,0.099,36,"Belgian Dark Ale",16
"Whip Fight",2082,0.09,30,"Scotch Ale / Wee Heavy",16
"Port Barrel Wee Mac",2081,0.053,23,"Scotch Ale / Wee Heavy",16
"Fistful Of Hops Red",2001,0.064,75,"American IPA",16
"Fistful of Hops Orange",2000,0.063,75,"American IPA",16
"Fistful Of Hops Blue",1999,0.064,75,"American IPA",16
"Fistful of Hops Green",1996,0.064,75,"American IPA",16
"Wee Muckle",1656,0.09,30,"Scotch Ale / Wee Heavy",16
"Royal Brat",1599,0.065,55,"Extra Special / Strong Bitter (ESB)",16
"Grapefruit Jungle (GFJ)",1420,0.075,77,"American IPA",16
"Osiris Pale Ale",1389,0.056,50,"American Pale Ale (APA)",16
"Bourbon Barrel Aged Timmie",1367,0.099,75,"Russian Imperial Stout",16
"Stupid Sexy Flanders",1366,0.063,23,"Flanders Oud Bruin",16
"Ring of Dingle",1128,0.071,27,"Irish Dry Stout",16
"Bourbon Barrel Wee Mac",1127,0.054,23,"Scottish Ale",16
"Bourbon Barrel Johan",1049,0.099,60,"English Barleywine",16
"The Velvet Fog",923,0.09,24,"Quadrupel (Quad)",16
"Sun King Oktoberfest",874,0.055,23,"Märzen / Oktoberfest",16
"Indianapolis Indians Lager",739,0.052,24,"Dortmunder / Export Lager",16
"Indians Victory Lager (2012)",698,0.052,24,"Dortmunder / Export Lager",16
"Isis",651,0.091,91,"American Double / Imperial IPA",16
"Wee Muckle (2011)",584,0.09,30,"Scotch Ale / Wee Heavy",16
"Grapefruit Jungle (GFJ) (2011)",532,0.075,77,"American IPA",16
"Sun King Oktoberfest (2011)",526,0.055,23,"Märzen / Oktoberfest",16
"Johan the Barleywine",394,0.099,60,"English Barleywine",16
"Wee Mac Scottish-Style Ale",213,0.054,23,"Scottish Ale",16
"Sunlight Cream Ale",55,0.053,20,"Cream Ale",16
"Osiris Pale Ale (2010)",54,0.056,50,"American Pale Ale (APA)",16
"Blonde Czich",2604,0.049,23,"American Blonde Ale",16
"White Reaper",2432,0.07,61,"Belgian IPA",16
"General George Patton Pilsner",1967,0.054,48,"Czech Pilsener",16
"Citrafest",2602,0.05,45,"American IPA",16
"Scarecrow",2219,0.069,65,"American IPA",16
"Ironman",2218,0.09,50,"English Strong Ale",16
"Honey Kolsch",2217,0.046,15,"Kölsch",16
"Copperhead Amber",2216,0.052,18,"Belgian Dark Ale",16
"Deduction",2601,0.08,22,"Dubbel",12
"Gone A-Rye",2600,0.085,90,"American Double / Imperial IPA",16
"Dankosaurus",2052,0.068,70,"American IPA",16
"Scruffy's Smoked Alt",1584,0.051,35,"Smoked Beer",16
"Elliott's Phoned Home Pale Ale",1182,0.051,36,"American Pale Ale (APA)",16
"The Lawn Ranger",1050,0.05,18,"Cream Ale",16
"Sex Panther",2599,0.069,20,"American Porter",12
"Winter Warmer (Vault Series)",2073,0.095,25,"Winter Warmer",16
"Count Hopula (Vault Series)",2063,0.091,99,"American Double / Imperial IPA",16
"SunSpot Golden Ale",1934,0.05,15,"American Blonde Ale",12
"Epicenter Amber Ale",1073,0.055,20,"American Amber / Red Ale",12
"SanTan HefeWeizen",1072,0.05,15,"Hefeweizen",12
"Hop Shock IPA",1071,0.07,85,"American IPA",12
"Sex Panther (2014)",852,0.069,20,"American Porter",12
"Devil’s Ale",850,0.055,45,"American Pale Ale (APA)",12
"Mr. Pineapple",777,0.05,20,"Fruit / Vegetable Beer",12
"American Idiot Ale (2012)",764,0.055,45,"American Pale Ale (APA)",12
"Hop Shock IPA (2010)",317,0.07,85,"American IPA",12
"SanTan HefeWeizen (2010)",286,0.05,15,"Hefeweizen",12
"Devil’s Ale (2010)",285,0.055,45,"American Pale Ale (APA)",12
"Epicenter Amber Ale (2010)",124,0.055,20,"American Amber / Red Ale",12
"Heavy Lifting",2596,0.062,80,"American IPA",12
"Surfrider",2594,0.052,35,"American Pale Ale (APA)",16
"Grandma's Pecan",1562,0.069,34,"English Brown Ale",16
"Double Trunk",1561,0.099,101,"American Double / Imperial IPA",16
"Even Keel",2105,0.038,40,"American IPA",12
"Ballast Point Pale Ale",1401,0.052,23,"Kölsch",12
"Big Eye India Pale Ale",1400,0.07,75,"American IPA",12
"Sculpin IPA",1018,0.07,70,"American IPA",12
"Czech Yo Self",2590,0.055,45,"Czech Pilsener",12
"FMB 101",1968,0.048,20,"Kölsch",12
"Avery Joe’s Premium American Pilsner",146,0.047,42,"German Pilsener",12
"White Rascal",108,0.056,10,"Witbier",12
"Avery India Pale Ale",107,0.063,69,"American IPA",12
"Ellie’s Brown Ale",106,0.055,17,"American Brown Ale",12
"Cow Creek",2588,0.054,26,"American Amber / Red Lager",12
"Chupahopra",2458,0.075,63,"American IPA",12
"Twisted X",2212,0.051,19,"American Adjunct Lager",12
"Vanilla Porter",2587,0.07,11,"American Porter",16
"Galaxy IPA",2585,0.075,60,"American IPA",16
"Gose",2584,0.046,8,"Gose",16
"Vermont Pilsner",2583,0.048,20,"German Pilsener",16
"Jah Mon",2579,0.05,100,"American IPA",12
"Fist City",2576,0.055,40,"American Pale Ale (APA)",12
"Rosa Hibiscus Ale",609,0.058,15,"Herbed / Spiced Beer",12
"Fistmas Ale",418,0.061,31,"Herbed / Spiced Beer",12
"Oktoberfest Revolution",417,0.057,25,"Märzen / Oktoberfest",12
"Eugene Porter",416,0.068,28,"American Porter",12
"Anti-Hero IPA",415,0.065,70,"American IPA",12
"Bottom Up Belgian Wit",414,0.05,14,"Witbier",12
"Wooden Rooster",2575,0.085,34,"Tripel",16.9
"Ginger Peach Saison",2555,0.048,20,"Saison / Farmhouse Ale",16
"Zombie Monkie",1736,0.062,35,"American Porter",16
"Wild Plum Farmhouse Ale",1196,0.056,20,"Saison / Farmhouse Ale",16
"Vanilla Bean Buffalo Sweat",1063,0.05,20,"Oatmeal Stout",16
"Ethos IPA",1017,0.068,110,"American IPA",16
"Tallgrass Pub Ale",1009,0.044,12,"American Brown Ale",16
"Oasis",912,0.072,93,"Extra Special / Strong Bitter (ESB)",16
"Buffalo Sweat",765,0.05,20,"Milk / Sweet Stout",16
"Halcyon Unfiltered Wheat",676,0.05,20,"American Pale Wheat Ale",16
"Halcyon Unfiltered Wheat",412,0.05,20,"American Pale Wheat Ale",12
"Köld Lager (2010)",105,0.05,16,"German Pilsener",16
"Oasis (2010)",104,0.072,93,"American Double / Imperial IPA",16
"Tallgrass Ale",103,0.044,22,"American Brown Ale",16
"Buffalo Sweat (2010)",102,0.05,20,"Milk / Sweet Stout",16
"Tallgrass IPA",101,0.063,60,"American IPA",16
"4Beans",2574,0.1,52,"Baltic Porter",12
"Jammer",2479,0.042,16,"Gose",12
"Rad",2266,0.032,7,"Fruit / Vegetable Beer",16
"Bengali",2090,0.065,62,"American IPA",24
"Sensi Harvest",1962,0.047,50,"American Pale Ale (APA)",12
"Hi-Res",1696,0.099,111,"American Double / Imperial IPA",12
"Global Warmer",1608,0.07,70,"American Strong Ale",12
"Autumnation (2013)",1591,0.067,74,"American IPA",16
"The Crisp",1388,0.054,42,"German Pilsener",16
"Sweet Action",1387,0.052,34,"Cream Ale",16
"Righteous Ale",1386,0.063,57,"Rye Beer",16
"Bengali Tiger",1385,0.064,62,"American IPA",16
"3Beans",1020,0.099,85,"Baltic Porter",12
"Brownstone",778,0.059,47,"American Brown Ale",16
"Apollo",630,0.052,11,"American Pale Wheat Ale",16
"Harbinger",629,0.049,35,"Saison / Farmhouse Ale",16
"Resin",628,0.091,103,"American Double / Imperial IPA",12
"Diesel",525,0.063,69,"American Stout",16
"Autumnation (2011-12) (2011)",512,0.06,48,"Pumpkin Ale",16
"The Crisp (2011)",425,0.054,42,"German Pilsener",16
"Sweet Action (2011)",424,0.052,34,"Cream Ale",16
"Righteous Ale (2011)",423,0.063,57,"Rye Beer",16
"Bengali Tiger (2011)",422,0.064,62,"American IPA",16
"Easy Jack",2569,0.045,47,"American IPA",12
"Union Jack",2463,0.075,75,"American IPA",12
"805",1733,0.047,20,"American Blonde Ale",12
"Take Two Pils",2568,0.055,35,"German Pilsener",12
"Flying Mouse 4",2566,0.07,70,"American IPA",12
"Lee Hill Series Vol. 2 - Wild Saison",2563,0.068,24,"American Wild Ale",19.2
"Lee Hill Series Vol. 3 - Barrel Aged Imperial Stout",2562,0.099,51,"American Double / Imperial Stout",19.2
"Thai Style White IPA",1932,0.065,33,"American White IPA",12
"Ferus Fluxus Wild Belgian Pale Ale",1853,0.075,30,"American Wild Ale",19.2
"Upslope Imperial India Pale Ale",1315,0.099,90,"American Double / Imperial IPA",19.2
"Upslope Belgian Style Pale Ale",683,0.075,30,"Belgian Pale Ale",12
"Top Rope Mexican-style Craft Lager",466,0.048,15,"Vienna Lager",12
"Upslope Craft Lager",444,0.048,22,"Vienna Lager",12
"Moar",2558,0.044,44,"English India Pale Ale (IPA)",12
"Nordic Blonde",2556,0.057,27,"American Blonde Ale",12
"Mazzie",2553,0.054,45,"American Pale Ale (APA)",12
"Weissenheimer",2550,0.052,16,"Hefeweizen",12
"Abbey's Single (2015- )",2505,0.049,22,"Abbey Single Ale",12
"Vertex IPA",2025,0.063,76,"American IPA",12
"Here Gose Nothin'",2021,0.05,12,"Gose",12
"Hoperation Overload",1888,0.096,85,"American Double / Imperial IPA",12
"Abbey's Single Ale (Current)",1887,0.049,22,"Abbey Single Ale",12
"Make It So",2549,0.053,40,"Extra Special / Strong Bitter (ESB)",12
"Hopvale Organic Ale",2473,0.047,55,"American Pale Ale (APA)",16
"Unchained #18 Hop Silo",2415,0.083,100,"American Double / Imperial IPA",16
"Passion Fruit Prussia",2545,0.035,11,"Berliner Weissbier",12
"Send Help",2544,0.045,18,"American Blonde Ale",12
"Contact High",1870,0.05,28,"American Pale Wheat Ale",12
"BLAKKR",1739,0.099,85,"American Black Ale",16
"Overrated! West Coast Style IPA",1112,0.073,69,"American IPA",16
"WET",329,0.075,90,"American IPA",16
"Bitter Brewer",19,0.04,37,"English Bitter",16
"SurlyFest",18,0.055,34,"Rye Beer",16
"Coffee Bender",17,0.051,45,"American Brown Ale",16
"Bender",16,0.051,45,"American Brown Ale",16
"Abrasive Ale",15,0.097,120,"American Double / Imperial IPA",16
"Hell",14,0.051,20,"Keller Bier / Zwickel Bier",16
"CynicAle",13,0.067,33,"Saison / Farmhouse Ale",16
"Furious",12,0.062,99,"American IPA",16
"Citra Ass Down",2540,0.082,68,"American IPA",16
"The Brown Note",2539,0.05,20,"American Brown Ale",16
"Neomexicanus Native",2538,0.06,46,"American Pale Ale (APA)",12
"Old Soul",2355,0.075,25,"Belgian Strong Pale Ale",12
"Lava Lake Wit",685,0.052,15,"Witbier",12
"Crazy Mountain Amber Ale",356,0.052,25,"American Amber / Red Ale",12
"Daft Funk",2530,0.043,8,"Berliner Weissbier",24
"OktoberFiesta",2527,0.053,27,"",12
"Texicali",2526,0.065,33,"American Brown Ale",12
"Bat Outta Helles",2524,0.042,20,"Munich Helles Lager",12
"Rye Wit",2522,0.042,10,"Witbier",12
"Soul Doubt",2521,0.059,70,"American IPA",12
"Yo Soy Un Berliner",2520,0.044,5,"Berliner Weissbier",12
"Bimini Twist",2519,0.07,82,"American IPA",12
"Farmer's Daughter Blonde",2516,0.051,17,"American Blonde Ale",16
"Pump House IPA",2515,0.055,45,"American IPA",16
"Vanilla Porter",2513,0.047,25,"American Porter",16
"Honey Rye",2512,0.058,18,"Rye Beer",16
"Long Leaf",2511,0.071,75,"American IPA",16
"Honey Badger Blonde",2510,0.047,19,"American Blonde Ale",16
"Porter (a/k/a Black Gold Porter)",2509,0.06,23,"American Porter",16
"Jalapeno Pale Ale",2508,0.055,45,"American Pale Ale (APA)",16
"Double Duckpin",2507,0.085,90,"American Double / Imperial IPA",12
"Old Pro",2506,0.042,10,"Gose",12
"Hop A-Peel",2503,0.075,115,"American Double / Imperial IPA",16
"Vanilla Java Porter",2502,0.055,12,"American Porter",16
"Dirty Blonde Ale",534,0.045,8,"American Blonde Ale",12
"Grand Circus IPA",528,0.05,62,"American IPA",12
"Atwater's Lager",527,0.05,12,"Munich Helles Lager",12
"Wobble",2497,0.063,69,"American IPA",16
"Night Cat",2246,0.058,43,"American Dark Wheat Ale",12
"Night Cat (2014)",1630,0.058,43,"American Dark Wheat Ale",12
"Dog Days Lager",1284,0.051,17,"Dortmunder / Export Lager",12
"Sidekick Extra Pale Ale",1121,0.051,36,"American Pale Ale (APA)",12
"Atom Smasher",1042,0.077,23,"Märzen / Oktoberfest",12
"Cane and Ebel",861,0.07,68,"American Strong Ale",12
"Harness the Winter",2410,0.072,87,"American IPA",12
"14° ESB",1902,0.056,32,"Extra Special / Strong Bitter (ESB)",12
"Bent Hop Golden IPA",1901,0.062,68,"American IPA",12
"Bent Paddle Black Ale",1261,0.06,34,"American Black Ale",12
"Venture Pils",1253,0.05,38,"German Pilsener",12
"Baby Daddy Session IPA",2486,0.047,35,"American IPA",12
"Saddle Bronc Brown Ale",2485,0.048,16,"American Brown Ale",12
"Bomber Mountain Amber Ale",2484,0.046,20,"American Amber / Red Ale",12
"Totally Radler",2482,0.027,21,"Radler",16
"Nonstop Hef Hop",2400,0.039,20,"American Pale Wheat Ale",16
"Nonstop Hef Hop",2399,0.039,20,"American Pale Wheat Ale",16
"Nonstop Hef Hop",2398,0.039,20,"American Pale Wheat Ale",16
"Nonstop Hef Hop",2397,0.039,20,"American Pale Wheat Ale",16
"Nonstop Hef Hop",2396,0.039,20,"American Pale Wheat Ale",16
"Nonstop Hef Hop",2395,0.039,20,"American Pale Wheat Ale",16
"Nonstop Hef Hop",2394,0.039,20,"American Pale Wheat Ale",16
"Nonstop Hef Hop",2393,0.039,20,"American Pale Wheat Ale",16
"Nonstop Hef Hop",2392,0.039,20,"American Pale Wheat Ale",16
"Nonstop Hef Hop",2391,0.039,20,"American Pale Wheat Ale",16
"Nonstop Hef Hop",2390,0.039,20,"American Pale Wheat Ale",16
"Nonstop Hef Hop",2389,0.039,20,"American Pale Wheat Ale",16
"Rise Up Red",2388,0.058,60,"American Amber / Red Ale",16
"Survival Stout",2200,0.058,35,"American Stout",16
"Hopworks IPA",2199,0.066,75,"American IPA",16
"Abominable Winter Ale",2193,0.073,70,"American Strong Ale",16
"Pigwar White India Pale Ale",1398,0.06,60,"American White IPA",16
"Rise-Up Red (2014)",1085,0.058,60,"American Amber / Red Ale",16
"Abominable Winter Ale (2012)",916,0.073,70,"American Strong Ale",16
"HUB Lager",658,0.051,32,"Czech Pilsener",16
"Hopworks IPA (2012)",653,0.066,75,"American IPA",16
"Slow Ride",2475,0.045,40,"American IPA",12
"Ranger IPA",2230,0.065,70,"American IPA",12
"Shift",1987,0.05,29,"American Pale Lager",12
"1554 Black Lager",1978,0.056,21,"Euro Dark Lager",12
"Fat Tire Amber Ale",1586,0.052,18,"American Amber / Red Ale",12
"Shift (1)",952,0.05,29,"American Pale Lager",12
"Fat Tire Amber Ale (2011)",748,0.052,18,"American Amber / Red Ale",12
"Shift",578,0.05,29,"American Pale Lager",16
"Ranger IPA",564,0.065,70,"American IPA",16
"Fat Tire Amber Ale",563,0.052,18,"American Amber / Red Ale",16
"Ranger IPA (Current)",115,0.065,70,"American IPA",12
"Fat Tire Amber Ale (2008)",71,0.052,18,"American Amber / Red Ale",12
"Torpedo",2239,0.072,65,"American IPA",12
"Sierra Nevada Pale Ale",1905,0.056,37,"American Pale Ale (APA)",16
"Old Chico Crystal Wheat",1338,0.048,26,"American Pale Wheat Ale",12
"Summerfest",1295,0.05,28,"Czech Pilsener",12
"Torpedo",426,0.072,65,"American IPA",16
"Sierra Nevada Pale Ale",400,0.056,37,"American Pale Ale (APA)",12
"Captain's Daughter",2044,0.085,69,"American Double / Imperial IPA",12
"India Pale Ale",2460,0.063,65,"American IPA",16
"Blackberry Wheat",2459,0.048,11,"American Pale Wheat Ale",16
"312 Urban Pale Ale",2457,0.054,30,"American Pale Ale (APA)",16
"312 Urban Pale Ale",2202,0.054,30,"American Pale Ale (APA)",12
"312 Urban Wheat Ale",2201,0.042,18,"American Pale Wheat Ale",16
"312 Urban Wheat Ale",1829,0.042,18,"American Pale Wheat Ale",12
"312 Urban Wheat Ale (2012)",581,0.042,20,"American Pale Wheat Ale",12
"Sol Drifter",2209,0.043,18,"American Blonde Ale",12
"The Great Pumpcan",1994,0.079,18,"Fruit / Vegetable Beer",16
"LIFT",1816,0.047,11,"Kölsch",12
"SPRYE",1815,0.05,40,"American Pale Ale (APA)",12
"Psychopathy",1126,0.069,70,"American IPA",12
"Gnarly Brown",1125,0.07,32,"American Brown Ale",12
"Happy Amber",1124,0.06,30,"American Amber / Red Ale",12
"Hustle",2452,0.057,42,"American Amber / Red Ale",12
"Pure Fury",2451,0.055,42,"American Pale Ale (APA)",12
"Dad",2132,0.06,60,"American Amber / Red Ale",12
"Panther",1993,0.058,35,"American Porter",12
"Franz",1992,0.052,21,"Märzen / Oktoberfest",12
"Zen",1935,0.043,45,"American Pale Ale (APA)",12
"Truth",1852,0.072,75,"American IPA",12
"Cougar",1851,0.048,25,"American Blonde Ale",12
"Self Starter",2450,0.052,67,"American IPA",16
"Ermal's",2223,0.054,20,"Cream Ale",16
"Nugget Nectar",2444,0.075,93,"American Amber / Red Ale",16
"Sunshine Pils",2203,0.045,45,"American Pilsner",12
"Troegenator Doublebock",1510,0.082,25,"Doppelbock",16
"Perpetual IPA",1509,0.075,85,"American IPA",12
"Mission IPA",2441,0.068,66,"American IPA",32
"El Conquistador Extra Pale Ale",1460,0.048,44,"American Pale Ale (APA)",32
"Shipwrecked Double IPA",1459,0.092,75,"American Double / Imperial IPA",32
"Bay of Bengal Double IPA (2014)",2440,0.089,126,"American Double / Imperial IPA",12
"Rhode Island Blueberry",2438,0.046,11,"Kölsch",12
"Newport Storm IPA",2437,0.065,75,"American IPA",12
"Hurricane Amber Ale (2004)",751,0.052,24,"American Amber / Red Ale",12
"Hurricane Amber Ale",120,0.052,24,"American Amber / Red Ale",12
"King Street IPA",1667,0.06,70,"American IPA",12
"King Street Hefeweizen",1666,0.057,10,"Hefeweizen",12
"Watermelon Ale",2435,0.05,10,"Fruit / Vegetable Beer",12
"Fenway American Pale Ale",2423,0.058,45,"American Pale Ale (APA)",12
"Back Bay IPA",2420,0.068,85,"American IPA",12
"Bunker Hill Blueberry Ale",2419,0.048,16,"Other",12
"Peach Pale Ale",2434,0.057,40,"American Pale Ale (APA)",12
"Suncaster Summer Wheat",2427,0.05,28,"American Pale Wheat Ale",12
"Brass Knuckle Pale Ale",2425,0.057,36,"American Pale Ale (APA)",12
"Big Star White IPA",2424,0.07,70,"American White IPA",12
"Clean Shave IPA",2426,0.067,70,"American IPA",12
"Firestarter India Pale Ale",2422,0.066,72,"American IPA",12
"Kilt Dropper Scotch Ale",1727,0.075,22,"Scotch Ale / Wee Heavy",16
"Wood Splitter Pilsner",1614,0.048,30,"Czech Pilsener",16
"Gyptoberfest",1613,0.056,26,"Märzen / Oktoberfest",12
"Farmer Wirtz India Pale Ale",1549,0.07,94,"English India Pale Ale (IPA)",16
"Screaming Eagle Special Ale ESB",1360,0.048,38,"Extra Special / Strong Bitter (ESB)",12
"Kindler Pale Ale",1183,0.053,45,"American Pale Ale (APA)",12
"Firestarter India Pale Ale",633,0.066,72,"American IPA",16
"Watermelon Ale",2421,0.051,11,"Fruit / Vegetable Beer",12
"4000 Footer IPA",2417,0.065,82,"American IPA",12
"Summer Brew",2306,0.028,15,"American Pilsner",12
"Consilium",2414,0.05,40,"American Pale Ale (APA)",12
"Hammer & Sickle",1581,0.09,60,"Russian Imperial Stout",12
"Redacted Rye IPA",1176,0.07,100,"American IPA",16
"Elevation Triple India Pale Ale",1006,0.099,100,"American Double / Imperial IPA",12
"5:00 O'Clock Afternoon Ale",1005,0.05,25,"American Blonde Ale",16
"Ryeteous Rye IPA (2012)",636,0.07,100,"American IPA",16
"Cali Creamin'",2413,0.052,21,"Cream Ale",12
"Deception",2412,0.045,16,"American Blonde Ale",12
"Blackmarket Rye IPA",1898,0.075,35,"American IPA",12
"Black Market Hefeweizen",1897,0.05,8,"Hefeweizen",12
"Aftermath Pale Ale",1896,0.058,44,"American Pale Ale (APA)",12
"Rule G IPA",2407,0.07,88,"American IPA",12
"Murphy's Law",2406,0.058,35,"American Amber / Red Ale",12
"Alter Ego",2405,0.062,33,"Saison / Farmhouse Ale",12
"Hop in the ‘Pool Helles",2404,0.049,22,"American Pilsner",12
"Ultra Gnar Gnar IPA",2323,0.067,60,"American IPA",12
"In-Tents India Pale Lager",2189,0.068,62,"American Pale Lager",12
"Lost Meridian Wit",2188,0.05,20,"Witbier",12
"Celestial Meridian Cascadian Dark Lager",2187,0.051,45,"Euro Dark Lager",12
"P-Town Pilsner",2403,0.04,20,"American Pilsner",12
"Klickitat Pale Ale",2402,0.053,36,"American Pale Ale (APA)",12
"Yellow Wolf Imperial IPA",2401,0.082,103,"American Double / Imperial IPA",12
"Pine Belt Pale Ale",2387,0.065,45,"American Pale Ale (APA)",12
"Le Mort Vivant",1740,0.069,23,"Bière de Garde",12
"Red Cockaded Ale",1728,0.085,110,"American Double / Imperial IPA",12
"Valkyrie Double IPA",1497,0.092,100,"American Double / Imperial IPA",12
"Red Cockaded Ale (2013)",1011,0.085,110,"American Double / Imperial IPA",12
"Old Potentate",1010,0.072,40,"Old Ale",12
"Bombshell Blonde",856,0.05,20,"American Blonde Ale",16
"PRO-AM (2012) (2012)",853,0.099,100,"American Double / Imperial IPA",12
"Le Mort Vivant (2011)",555,0.069,23,"Bière de Garde",12
"Buried Hatchet Stout",46,0.083,50,"Foreign / Export Stout",12
"Pine Belt Pale Ale",45,0.065,45,"American Pale Ale (APA)",16
"Bombshell Blonde",44,0.05,20,"American Blonde Ale",12
"Third Eye Enlightened Pale Ale",2386,0.065,65,"American Pale Ale (APA)",12
"Colorado Kölsch",92,0.049,17,"Kölsch",12
"Steam Engine Lager",91,0.057,25,"American Amber / Red Lager",12
"Third Eye Pale Ale",90,0.065,65,"American IPA",12
"Laka Laka Pineapple",2384,0.051,17,"Hefeweizen",12
"IPA #11",2380,0.057,58,"American IPA",16
"Blood Orange Honey",2379,0.057,10,"Fruit / Vegetable Beer",16
"Main St. Virginia Ale",2377,0.05,40,"Altbier",12
"Chin Music Amber Lager",1839,0.045,24,"American Amber / Red Lager",12
"Main St. Virginia Ale",1248,0.05,40,"Altbier",12
"Ray Ray’s Pale Ale",1247,0.052,42,"American Pale Ale (APA)",12
"Mr. Blue Sky",2375,0.045,6,"American Pale Wheat Ale",16
"Screamin’ Pumpkin",2142,0.05,25,"Pumpkin Ale",16
"Grand Trunk Bohemian Pils",2141,0.05,35,"Czech Pilsener",16
"El Rojo",2140,0.065,25,"American Amber / Red Ale",16
"Grind Line",2138,0.05,35,"American Pale Ale (APA)",16
"Norm's Gateway IPA",2007,0.04,55,"American IPA",12
"Weisse Versa (2012)",2374,0.052,16,"Hefeweizen",12
"Mother in Lager",1560,0.058,25,"Munich Dunkel Lager",12
"Weekend Warrior Pale Ale",1557,0.055,40,"American Pale Ale (APA)",12
"Karbachtoberfest",1458,0.055,25,"Märzen / Oktoberfest",12
"Love Street Summer Seasonal (2014)",1235,0.047,20,"Kölsch",12
"Barn Burner Saison",1068,0.066,20,"Saison / Farmhouse Ale",12
"Rodeo Clown Double IPA",666,0.095,85,"American Double / Imperial IPA",12
"Sympathy for the Lager",465,0.049,45,"American Amber / Red Lager",12
"Weisse Versa",464,0.052,15,"Hefeweizen",12
"Hopadillo India Pale Ale",463,0.066,70,"American IPA",12
"The Green Room",2372,0.06,75,"American IPA",16
"Humbucker Helles",2367,0.047,25,"Maibock / Helles Bock",16
"Oak Cliff Coffee Ale",2251,0.075,33,"American Brown Ale",12
"Dream Crusher Double IPA",2166,0.085,100,"American Double / Imperial IPA",12
"Farmhouse Wit",1202,0.048,25,"Saison / Farmhouse Ale",16
"Dallas Blonde",946,0.052,23,"American Blonde Ale",12
"Deep Ellum IPA",943,0.07,70,"American IPA",12
"18th Anniversary Gose",2370,0.044,5,"Gose",12
"White (2015)",2211,0.046,25,"Witbier",12
"BLAKKR",1861,0.099,85,"American Black Ale",12
"Firemans #4 Blonde Ale (2013)",1718,0.051,21,"American Blonde Ale",12
"Hans' Pils (2015)",1091,0.053,52,"German Pilsener",12
"Four Squared (2015)",1086,0.06,50,"American Blonde Ale",12
"Firemans #4 Blonde Ale (2015)",830,0.051,21,"American Blonde Ale",12
"American Lager",2233,0.041,8,"American Adjunct Lager",12
"American Amber",2232,0.041,8,"American Amber / Red Lager",12
"American Light",2231,0.032,13,"Light Lager",12
"Point Special (Current)",2366,0.047,9,"American Adjunct Lager",12
"Point Special",2365,0.047,9,"American Adjunct Lager",12
"Point Cascade Pale Ale (2013)",2270,0.054,33,"American Pale Ale (APA)",12
"Point Special",2228,0.047,9,"American Adjunct Lager",12
"Onyx Black Ale",2151,0.052,9,"American Black Ale",12
"Beyond The Pale IPA",2150,0.063,64,"American IPA",12
"Point Special (2013)",2122,0.047,9,"American Adjunct Lager",12
"Point Special (2012)",2121,0.047,9,"American Adjunct Lager",12
"Point Special Lager",2115,0.047,9,"American Adjunct Lager",16
"Point Oktoberfest",1357,0.057,15,"Märzen / Oktoberfest",16
"Point Nude Beach Summer Wheat",1225,0.052,7,"American Pale Wheat Ale",16
"Point Nude Beach Summer Wheat",816,0.05,7,"American Pale Wheat Ale",12
"Point Nude Beach Summer Wheat (2011)",772,0.05,7,"American Pale Wheat Ale",12
"Three Kings Ale",650,0.049,13,"Kölsch",12
"Point Oktoberfest",456,0.057,15,"Märzen / Oktoberfest",12
"2012 Black Ale",357,0.054,32,"American Brown Ale",12
"Point Nude Beach Summer Wheat (2010)",141,0.05,7,"American Pale Wheat Ale",12
"Point Cascade Pale Ale",140,0.054,33,"American Pale Ale (APA)",12
"Point Amber Classic",139,0.047,14,"American Amber / Red Lager",12
"Point Special Lager",138,0.047,9,"American Adjunct Lager",12
"O’Malley’s IPA",2343,0.075,89,"American IPA",12
"L'il Lucy's Hot Pepper Ale",2341,0.049,28,"Chile Beer",12
"2014 IPA Cicada Series",2362,0.075,72,"American IPA",16
"Sinister Minister Black IPA",2346,0.077,65,"American IPA",16
"Jack the Sipper",2320,0.053,45,"Extra Special / Strong Bitter (ESB)",12
"Devil's Harvest Extra Pale Ale",2297,0.058,60,"American Pale Ale (APA)",12
"Suzy B Dirty Blonde Ale",2296,0.05,20,"American Blonde Ale",12
"Mississippi Fire Ant",1745,0.08,80,"American Amber / Red Ale",16
"Hipster Breakfast",1120,0.058,40,"Oatmeal Stout",16
"Suzy B Dirty Blonde Ale",1118,0.05,20,"American Blonde Ale",16
"Devil's Harvest Extra Pale Ale",1117,0.058,60,"American Pale Ale (APA)",16
"Morning Wood Wheat (Current)",2360,0.059,14,"American Pale Wheat Ale",12
"Hideout Helles",1463,0.069,17,"Munich Helles Lager",12
"Dead Eye Dunkel",1462,0.06,15,"Munich Dunkel Lager",12
"Peacemaker Pilsner",1461,0.058,21,"Czech Pilsener",12
"Over the Rail Pale Ale",711,0.057,68,"American Pale Ale (APA)",12
"Pallavicini Pilsner (2009)",188,0.058,21,"Czech Pilsener",12
"Morning Wood Wheat (Current)",130,0.059,14,"American Pale Wheat Ale",12
"Extra Pale Ale",2352,0.053,49,"American Pale Ale (APA)",12
"Oklahoma Suks",2350,0.048,32,"American Amber / Red Ale",12
"Power & Light",2301,0.055,42,"American Pale Ale (APA)",12
"White Rabbit",1904,0.059,27,"Witbier",12
"Cubano Espresso",2349,0.055,25,"Bock",12
"Operation Homefront",2014,0.062,65,"American IPA",12
"Wandering Pelican",2013,0.082,65,"American Black Ale",12
"Hopped on the High Seas (Hop #529)",1726,0.07,60,"American IPA",12
"Hopped on the High Seas (Calypso)",1725,0.07,60,"American IPA",12
"Dry-Hopped On The High Seas Caribbean-Style IPA",1694,0.07,60,"American IPA",12
"Hopped on the High Seas (Citra)",1693,0.07,60,"American IPA",12
"Hopped on the High Seas (Ahtanum)",1692,0.07,60,"American IPA",12
"Humidor Series India Pale Ale",1142,0.075,70,"American IPA",12
"Jai Alai IPA Aged on White Oak",1141,0.075,70,"American IPA",12
"José Martí American Porter",1140,0.08,65,"American Porter",12
"Maduro Brown Ale",1138,0.055,25,"English Brown Ale",12
"Maduro Brown Ale",571,0.055,25,"American Brown Ale",12
"Tocobaga Red Ale",569,0.072,75,"American Amber / Red Ale",12
"Jai Alai IPA",546,0.075,70,"American IPA",12
"Florida Cracker Belgian Wit",545,0.05,18,"Witbier",12
"Hunny Do Wheat",2347,0.048,18,"American Pale Wheat Ale",12
"Gansett Light",2345,0.037,10,"Light Lager",16
"Bohemian Pils",2224,0.052,30,"American Pilsner",16
"Autocrat Coffee Milk Stout",1775,0.053,30,"Milk / Sweet Stout",16
"Narragansett Bohemian Pilsner",1291,0.086,35,"German Pilsener",16
"Narragansett Summer Ale",1093,0.042,24,"American Pale Wheat Ale",12
"Narragansett Cream Ale",580,0.05,22,"Cream Ale",16
"Narragansett Summer Ale",403,0.042,24,"American Pale Wheat Ale",16
"Narragansett Porter",316,0.07,22,"American Porter",16
"Narragansett Bock",315,0.065,32,"Bock",16
"Narragansett Fest Lager",314,0.055,15,"Märzen / Oktoberfest",16
"Little Red Cap",2339,0.063,43,"Altbier",12
"Perpetual Darkness",2335,0.092,72,"Belgian Strong Dark Ale",12
"Clan Warrior",2334,0.087,29,"Scotch Ale / Wee Heavy",12
"Psycho Penguin Vanilla Porter",2333,0.054,36,"American Porter",12
"Peacemaker Pale Ale",2329,0.057,47,"American Pale Ale (APA)",12
"Shotgun Betty",2327,0.058,11,"Hefeweizen",12
"Sweet Josie",2326,0.061,30,"American Brown Ale",12
"Watershed IPA",2331,0.067,70,"American IPA",12
"Oakshire Amber Ale",1669,0.054,24,"American Amber / Red Ale",12
"Overcast Espresso Stout",1668,0.058,27,"American Stout",12
"Watershed IPA (2013)",999,0.067,70,"American IPA",12
"Juke Joint IPA",1755,0.07,60,"American IPA",12
"Parade Ground Coffee Porter",1754,0.07,35,"American Porter",12
"Tin Roof Watermelon Wheat",1428,0.05,21,"Fruit / Vegetable Beer",12
"Tin Roof Blonde Ale",529,0.045,18,"American Blonde Ale",12
"Voodoo Bengal Pale Ale",495,0.055,37,"American Pale Ale (APA)",12
"Perfect Tin Amber",494,0.045,28,"American Amber / Red Ale",12
"Knotty Blonde Ale",2319,0.04,18,"American Blonde Ale",12
"Fivepine Chocolate Porter",2317,0.062,40,"American Porter",12
"Hoodoo Voodoo IPA",2316,0.062,82,"American IPA",12
"Hopportunity Knocks IPA",2315,0.068,100,"American IPA",12
"Caldera Pale Ale",1419,0.056,55,"American Pale Ale (APA)",12
"Lawnmower Lager",878,0.039,16,"American Adjunct Lager",12
"Ashland Amber Ale (2009)",794,0.054,24,"American Amber / Red Ale",12
"Caldera IPA (2009)",793,0.061,94,"American IPA",12
"Caldera IPA (2007)",792,0.061,94,"American IPA",12
"Caldera Pale Ale (2010)",791,0.056,55,"American Pale Ale (APA)",12
"Caldera Pale Ale (2009)",790,0.056,55,"American Pale Ale (APA)",12
"Caldera Pale Ale (2005)",789,0.056,55,"American Pale Ale (APA)",12
"Caldera Pale Ale (2007)",788,0.056,55,"American Pale Ale (APA)",12
"Caldera Pale Ale (2011)",38,0.056,55,"American Pale Ale (APA)",12
"Ashland Amber Ale",37,0.054,24,"American Amber / Red Ale",12
"Caldera IPA",36,0.061,94,"American IPA",12
"Wild Trail Pale Ale",2314,0.057,44,"American Pale Ale (APA)",12
"Mothman Black IPA",2313,0.067,71,"American Black Ale",12
"Camelback",2312,0.061,60,"American IPA",12
"Lumberyard Pilsner",1153,0.053,20,"American Pilsner",12
"PUNK'N",2310,0.05,10,"Pumpkin Ale",12
"Yard Sale Winter Lager",2100,0.04,22,"American Amber / Red Lager",12
"Trader Session IPA",1925,0.04,42,"American IPA",12
"Hop Nosh IPA",1723,0.073,83,"American IPA",12
"SUM'R",1212,0.04,17,"American Blonde Ale",12
"Organic Baba Black Lager",1097,0.04,32,"Schwarzbier",12
"Hop Notch IPA (2013)",1089,0.073,82,"American IPA",12
"Cutthroat Pale Ale",1088,0.04,34,"American Pale Ale (APA)",12
"WYLD Extra Pale Ale",974,0.04,29,"American Pale Ale (APA)",12
"Sunbru Kölsch",2309,0.052,17,"Kölsch",12
"Kilt Lifter Scottish-Style Ale",1635,0.06,21,"",12
"Four Peaks Peach Ale",1585,0.042,9,"Fruit / Vegetable Beer",12
"Hop Knot IPA",358,0.067,47,"American IPA",12
"Kilt Lifter Scottish-Style Ale (2009)",179,0.06,21,"Scottish Ale",12
"River House",2308,0.05,20,"Saison / Farmhouse Ale",16
"Pretzel Stout",2268,0.065,47,"American Stout",16
"Rubberneck Red",2197,0.05,35,"American Amber / Red Ale",16
"Homefront IPA",2305,0.06,70,"American IPA",12
"Sundown",2304,0.071,36,"Saison / Farmhouse Ale",12
"Original Slacker Ale",1842,0.056,40,"English Brown Ale",12
"Dog Days Summer Ale",1552,0.045,28,"Kölsch",12
"Beer Agent Re-Ignition",2303,0.053,22,"American Blonde Ale",16
"Cherry Ale",1990,0.057,18,"Fruit / Vegetable Beer",16
"Bourbon Barrel Aged Coconut Porter",1702,0.056,33,"American Porter",16
"Great Crescent IPA",1701,0.062,60,"American IPA",16
"Aurora Lager",1700,0.057,27,"Dortmunder / Export Lager",16
"Great Crescent Blonde Ale",1699,0.053,22,"American Blonde Ale",16
"Great Crescent Coconut Porter",1269,0.056,33,"American Porter",16
"Great Crescent Oktoberfest Lager",930,0.057,25,"Märzen / Oktoberfest",16
"Great Crescent Brown Ale",649,0.045,36,"American Brown Ale",16
"Cherry Ale (1)",639,0.057,18,"Fruit / Vegetable Beer",16
"Aurora Lager (2011)",626,0.057,27,"Dortmunder / Export Lager",16
"Frosted Fields Winter Wheat",615,0.06,25,"American Dark Wheat Ale",16
"Great Crescent Belgian Style Wit",478,0.051,13,"Witbier",16
"Bourbon's Barrel Stout",455,0.075,65,"American Stout",16
"Great Crescent Stout",442,0.08,66,"English Stout",16
"Great Crescent Coconut Porter (2012)",441,0.056,33,"American Porter",16
"Great Crescent Dark Lager",440,0.057,23,"Euro Dark Lager",16
"Great Crescent Mild Ale",439,0.042,26,"English Dark Mild Ale",16
"Great Crescent IPA (2011)",436,0.062,60,"American IPA",16
"Great Crescent Blonde Ale (2011)",389,0.053,22,"American Blonde Ale",16
"Pinner Throwback IPA",2302,0.049,35,"American IPA",12
"Dale's Pale Ale",1444,0.065,65,"American Pale Ale (APA)",12
"Dale's Pale Ale",1252,0.065,65,"American Pale Ale (APA)",12
"Mama's Little Yella Pils",1167,0.053,35,"Czech Pilsener",19.2
"Dale's Pale Ale",955,0.065,65,"American Pale Ale (APA)",19.2
"Dale's Pale Ale (10 Year Anniversary)",892,0.065,65,"American Pale Ale (APA)",12
"Dale's Pale Ale (2012)",828,0.065,65,"American Pale Ale (APA)",12
"Gordon Imperial Red (2010)",806,0.087,85,"American Double / Imperial IPA",12
"Dale's Pale Ale (2011)",755,0.065,65,"American Pale Ale (APA)",12
"Dale's Pale Ale (2010)",754,0.065,65,"American Pale Ale (APA)",12
"G'KNIGHT (16 oz.)",726,0.087,85,"American Double / Imperial IPA",16
"HGH (Home Grown Hops): Part Duh",585,0.08,70,"American Strong Ale",12
"One Hit Wonder",391,0.09,60,"American Double / Imperial IPA",12
"G'KNIGHT (12 oz.)",388,0.087,85,"American Double / Imperial IPA",12
"Ten Fidy Imperial Stout",8,0.099,98,"Russian Imperial Stout",12
"Mama's Little Yella Pils",7,0.053,35,"Czech Pilsener",12
"GUBNA Imperial IPA",6,0.099,100,"American Double / Imperial IPA",12
"Old Chub",5,0.08,35,"Scottish Ale",12
"Gordon Ale (2009)",4,0.087,85,"American Double / Imperial IPA",12
"Dale's Pale Ale",1,0.065,65,"American Pale Ale (APA)",12
"The Golden One",2295,0.063,21,"American Pilsner",12
"The Power of Zeus",2294,0.07,68,"American Pale Ale (APA)",12
"Aviator Raspberry Blonde",2293,0.049,25,"American Blonde Ale",12
"Little Sister India Style Session Ale",2292,0.043,60,"American IPA",12
"Country Boy IPA",1504,0.062,80,"American IPA",12
"Barney Flats Oatmeal Stout",1520,0.057,13,"Oatmeal Stout",12
"Summer Solstice",1350,0.056,4,"Cream Ale",12
"Hop Ottin' IPA",1327,0.07,80,"American IPA",12
"Boont Amber Ale",1326,0.058,15,"American Amber / Red Ale",12
"Barney Flats Oatmeal Stout",1221,0.057,13,"Oatmeal Stout",12
"El Steinber Dark Lager",1217,0.055,25,"Vienna Lager",16
"Boont Amber Ale (2010)",811,0.058,15,"American Amber / Red Ale",12
"Summer Solstice Cerveza Crema (2009)",753,0.056,4,"Cream Ale",12
"Barney Flats Oatmeal Stout (2012)",572,0.057,13,"Oatmeal Stout",12
"Winter Solstice",523,0.069,6,"Winter Warmer",12
"Hop Ottin' IPA (2011)",367,0.07,80,"American IPA",12
"Boont Amber Ale (2011)",78,0.058,15,"American Amber / Red Ale",12
"Summer Solstice (2011)",77,0.056,4,"Cream Ale",12
"Poleeko Gold Pale Ale (2009)",76,0.055,28,"American Pale Ale (APA)",12
"Second Fiddle",1929,0.082,80,"American Double / Imperial IPA",16
"Hodad Porter",1858,0.055,30,"American Porter",16
"Pride of Texas Pale Ale",2229,0.058,60,"American Pale Ale (APA)",12
"Bitter Bitch",1979,0.061,60,"American Pale Ale (APA)",12
"Santa's Secret",2255,0.059,22,"Winter Warmer",16
"Salamander Slam",2254,0.07,73,"American IPA",16
"Blonde Hunny",2253,0.068,21,"Belgian Pale Ale",12
"Wild Wolf Wee Heavy Scottish Style Ale",1318,0.057,20,"Scotch Ale / Wee Heavy",12
"Wild Wolf American Pilsner",1195,0.045,25,"American Pilsner",12
"Alpha Ale",1194,0.051,45,"American Pale Ale (APA)",12
"Horny Toad Cerveza",2214,0.053,25,"American Blonde Ale",16
"Native Amber",2213,0.063,35,"American Amber / Red Ale",16
"F5 IPA",1442,0.068,100,"American IPA",16
"Native Amber (2013)",170,0.063,35,"American Amber / Red Ale",16
"Horny Toad Cerveza (2013)",169,0.053,25,"American Blonde Ale",16
"Seventh Son of a Seventh Son",2250,0.077,40,"American Strong Ale",16
"Stone Fort Brown Ale",1768,0.053,20,"English Brown Ale",16
"Seventh Son Hopped Red Ale",1767,0.077,40,"American Amber / Red Ale",16
"Humulus Nimbus Super Pale Ale",1766,0.06,53,"American Pale Ale (APA)",16
"Golden Ratio IPA",1765,0.07,68,"American IPA",16
"Lake Monster",2247,0.082,25,"Baltic Porter",16
"London Homesick Ale",2071,0.049,27,"English Bitter",12
"Luchesa Lager",2070,0.048,35,"Keller Bier / Zwickel Bier",12
"Slow Ride",2069,0.048,35,"American Pale Ale (APA)",12
"Lobo Lito",2238,0.04,12,"Light Lager",12
"Robert Earl Keen Honey Pils",2144,0.05,17,"American Pilsner",12
"Towhead",2237,0.052,21,"American Blonde Ale",12
"Lil' Helper",2208,0.07,70,"American IPA",12
"Day Hike Session",2235,0.041,41,"American IPA",12
"Trailhead ISA",1661,0.048,48,"American IPA",12
"Immersion Amber",1660,0.052,27,"American Amber / Red Ale",12
"Evo IPA",1659,0.062,70,"American IPA",12
"Evolutionary IPA (2012)",1173,0.062,70,"American IPA",12
"Persnickety Pale",560,0.057,36,"American Pale Ale (APA)",12
"SoDo Brown Ale",519,0.054,20,"American Brown Ale",12
"Immersion Amber Ale (2011)",518,0.052,27,"American Amber / Red Ale",12
"Evolutionary IPA (2011)",505,0.062,70,"American IPA",12
"Trailhead India Style Session Ale (2011)",482,0.048,48,"American IPA",12
"Snow King Pale Ale",1606,0.06,55,"American Pale Ale (APA)",12
"Zonker Stout",617,0.054,36,"Foreign / Export Stout",12
"OB-1 Organic Ale",407,0.05,22,"English Brown Ale",12
"Snake River Lager",406,0.05,18,"Vienna Lager",12
"Snake River Pale Ale",402,0.052,32,"American Pale Ale (APA)",12
"Pako’s EyePA",393,0.068,60,"American IPA",12
"Dark Voyage Black IPA (2013)",2227,0.065,80,"American Black Ale",12
"Wisconsin Amber",2226,0.052,28,"Vienna Lager",12
"Lake House",2225,0.046,18,"Munich Helles Lager",12
"Ghost Ship White IPA",1954,0.056,55,"American IPA",12
"Lake House",1910,0.046,18,"Munich Helles Lager",16
"Mutiny IPA",1177,0.062,70,"American IPA",12
"Mountain Rescue Pale Ale",2205,0.055,40,"American Pale Ale (APA)",12
"Goose Island India Pale Ale",2198,0.059,55,"American IPA",12
"Couch Select Lager",2196,0.05,14,"American Pale Lager",12
"Double D Blonde",2195,0.049,20,"American Blonde Ale",12
"Festeroo Winter Ale",1605,0.078,60,"American Strong Ale",12
"Proxima IPA",1543,0.063,70,"American IPA",12
"Double D Blonde (2013)",1390,0.049,20,"American Blonde Ale",12
"541 American Lager",1354,0.048,13,"American Pale Lager",12
"Alphadelic IPA",1353,0.065,90,"American IPA",12
"Alphadelic IPA (2011)",499,0.065,90,"American IPA",12
"Double D Blonde (2011)",498,0.049,20,"American Blonde Ale",12
"Worthy IPA",2194,0.069,69,"American IPA",12
"Easy Day Kolsch",1514,0.045,25,"Kölsch",12
"Lights Out Vanilla Cream Extra Stout",1513,0.077,30,"American Double / Imperial IPA",12
"Worthy IPA (2013)",1512,0.069,69,"American IPA",12
"Worthy Pale",1511,0.06,50,"American Pale Ale (APA)",12
"Loki Red Ale",2191,0.075,53,"American Amber / Red Ale",16
"Loki Red Ale (2013)",895,0.075,53,"American Amber / Red Ale",16
"Campside Session IPA",2190,0.045,50,"American IPA",16
"Upland Wheat Ale",1951,0.045,15,"Witbier",16
"Tsunami IPA",2186,0.072,75,"American IPA",19.2
"Tsunami IPA",2185,0.072,75,"American IPA",12
"Humpback Blonde Ale",2184,0.042,22,"American Blonde Ale",12
"Hawaiian Crow Porter",2178,0.052,27,"American Porter",12
"Volcano Red Ale",2177,0.052,23,"American Amber / Red Ale",12
"Mauna Kea Pale Ale",2176,0.054,42,"American Pale Ale (APA)",12
"Mound Builder IPA",2175,0.065,77,"American IPA",12
"Amazon Princess IPA",2168,0.062,62,"American IPA",12
"Vortex IPA",318,0.074,97,"American IPA",16
"Evil Owl",2167,0.052,40,"American Amber / Red Ale",12
"Lewbricator Wheat Dopplebock",2162,0.075,24,"Doppelbock",12
"City of the Sun",2159,0.075,85,"American IPA",16
"Booming Rollers",2157,0.068,75,"American IPA",16
"Oneida",2156,0.052,50,"American Pale Ale (APA)",16
"Aurora",2154,0.067,75,"American Amber / Red Ale",16
"Lomaland",1495,0.055,30,"Saison / Farmhouse Ale",16
"Fortunate Islands",1494,0.047,46,"American Pale Wheat Ale",16
"Black House",1493,0.058,40,"American Stout",16
"Blazing World",1492,0.065,115,"American Amber / Red Ale",16
"#002 American I.P.A.",2148,0.071,60,"American IPA",12
"#004 Session I.P.A.",2146,0.048,38,"American IPA",12
"Red Water Irish Style Red",2145,0.065,0,"American Amber / Red Ale",12
"Mjöllnir",1804,0.066,0,"Herbed / Spiced Beer",12
"Bear Butte Nut Brown Ale",1602,0.055,0,"American Brown Ale",12
"Easy Livin' Summer Ale",1301,0.045,0,"American Blonde Ale",12
"Canyon Cream Ale",542,0.055,0,"Cream Ale",12
"Pile O'Dirt Porter",272,0.069,0,"American Porter",12
"11th Hour IPA",271,0.06,0,"American IPA",12
"Monarch Classic American Wheat",2129,0.043,21,"American Pale Wheat Ale",12
"Sir William's English Brown Ale",2127,0.049,21,"English Brown Ale",12
"Lakefire Rye Pale Ale",2126,0.055,35,"American Pale Ale (APA)",12
"1836",2125,0.06,40,"American Blonde Ale",12
"Summer's Wit",2124,0.06,20,"Witbier",12
"More Cowbell",2123,0.09,118,"American Double / Imperial IPA",16
"First Stand",2119,0.055,35,"Saison / Farmhouse Ale",12
"Battle LIne",2118,0.063,23,"American Brown Ale",12
"Broken Bridge",2117,0.056,12,"Dunkelweizen",12
"Brutus",2116,0.071,69,"English India Pale Ale (IPA)",12
"What the Butler Saw",2111,0.05,18,"Witbier",12
"1916 Shore Shiver",2110,0.069,65,"American IPA",12
"Laughing Dog Cream Ale",2108,0.05,12,"Cream Ale",12
"Two-One Niner",1397,0.048,9,"American Pilsner",12
"Laughing Dog IPA",1396,0.064,66,"American IPA",12
"Plum St. Porter",2107,0.06,52,"American Porter",12
"Plum St. Porter",1573,0.057,52,"American Porter",12
"Bozone HopZone IPA",1289,0.07,80,"American IPA",12
"Bozone Hefe Weizen",1288,0.06,25,"Hefeweizen",12
"Aprè Shred",2104,0.081,17,"American Strong Ale",16
"Hemlock Double IPA",1762,0.095,104,"American Double / Imperial IPA",12
"Disconnected Red",1067,0.067,85,"American Amber / Red Ale",16
"Arcus IPA",2096,0.069,81,"American IPA",12
"Wavemaker",2095,0.058,38,"American Amber / Red Ale",12
"Epitome",2094,0.099,100,"American Black Ale",16
"Monkey Chased the Weasel",1941,0.039,9,"Berliner Weissbier",16
"077XX",1940,0.078,80,"American Double / Imperial IPA",16
"Boat Beer",1439,0.042,35,"American IPA",12
"Pleasure Town",2093,0.063,61,"American IPA",12
"Pleasure Town IPA",1814,0.063,61,"American IPA",12
"Snowshoe White Ale",587,0.048,12,"Witbier",12
"Kodiak Brown Ale",586,0.05,24,"American Brown Ale",12
"Sockeye Red IPA",434,0.057,70,"American IPA",12
"Trail Head",2089,0.063,55,"American Pale Ale (APA)",12
"Hop Stalker Fresh Hop IPA",2088,0.07,80,"American IPA",16
"Blood Orange Wit",2087,0.05,16,"Witbier",16
"8 Barrel",2080,0.08,69,"American Strong Ale",16
"Oktoberfest",2079,0.055,40,"Märzen / Oktoberfest",16
"The Tradition",1809,0.05,15,"American Blonde Ale",12
"El Hefe Speaks",1263,0.053,11,"Hefeweizen",12
"On the Wings of Armageddon",851,0.092,115,"American Double / Imperial IPA",12
"The Corruption",186,0.065,80,"American IPA",12
"No Wake IPA",2077,0.072,50,"American IPA",12
"Boathouse Blonde",2076,0.049,15,"American Blonde Ale",12
"Cedar Point",2075,0.05,26,"American Amber / Red Ale",12
"Imperial Pumpkin Stout",2068,0.099,43,"Pumpkin Ale",16
"Dead-Eye DIPA",2067,0.09,130,"American Double / Imperial IPA",16
"Fisherman's IPA",2066,0.055,64,"American IPA",12
"Fisherman's Pils",2065,0.054,35,"German Pilsener",12
"Fisherman's Brew",2064,0.055,30,"American Amber / Red Ale",12
"Noche Dulce",2062,0.071,16,"American Porter",16
"Weize Guy",2060,0.05,15,"Hefeweizen",12
"Fox Tail Gluten Free Ale",469,0.05,50,"American Pale Ale (APA)",12
"Hop Box Imperial IPA",468,0.093,90,"American Double / Imperial IPA",12
"Joseph James American Lager",467,0.052,15,"American Adjunct Lager",12
"UFO Gingerland",2059,0.052,15,"Herbed / Spiced Beer",12
"The Long Thaw White IPA",1653,0.062,45,"American White IPA",12
"Harpoon Summer Beer",1380,0.05,28,"Kölsch",12
"Harpoon IPA",1379,0.059,42,"American IPA",12
"UFO Pumpkin",1340,0.059,20,"Pumpkin Ale",12
"Harpoon Octoberfest",1313,0.055,30,"Märzen / Oktoberfest",12
"Harpoon IPA (2012)",770,0.059,42,"American IPA",12
"Harpoon Summer Beer (2012)",769,0.05,28,"Kölsch",12
"UFO White",610,0.048,10,"American Pale Wheat Ale",12
"Harpoon Summer Beer (2010)",192,0.05,28,"Kölsch",12
"Harpoon IPA (2010)",126,0.059,42,"American IPA",12
"Black Me Stout",2056,0.06,45,"American Stout",12
"Killer Kolsch",2055,0.05,22,"Kölsch",12
"Missile IPA",1933,0.07,65,"American IPA",12
"Bravo Four Point",2051,0.044,45,"American Pale Ale (APA)",12
"Striped Bass Pale Ale",1201,0.052,26,"American Pale Ale (APA)",12
"Cream Ale",2050,0.042,35,"Cream Ale",12
"Ananda India Pale Ale",1470,0.062,61,"American IPA",12
"Tiny Bomb",1469,0.045,23,"American Pilsner",12
"Might As Well IPL",2045,0.072,75,"American Pale Lager",16
"Saison Pamplemousse",1960,0.058,35,"Saison / Farmhouse Ale",12
"2020 IPA",1777,0.074,74,"American IPA",16
"Wolf Among Weeds IPA",1698,0.08,70,"American IPA",16
"Better Weather IPA",1641,0.094,92,"American IPA",16
"Point the Way IPA",1490,0.059,60,"American IPA",16
"Golden Road Hefeweizen",1489,0.046,15,"Hefeweizen",16
"Heal the Bay IPA",1399,0.068,65,"American IPA",16
"Point the Way IPA",1296,0.059,60,"American IPA",12
"Get Up Offa That Brown",991,0.055,20,"American Brown Ale",16
"Burning Bush Smoked IPA",750,0.08,70,"American IPA",16
"Wolf Among Weeds IPA (2012)",749,0.08,70,"American IPA",16
"Point the Way IPA (2012)",549,0.059,60,"American IPA",16
"Golden Road Hefeweizen (2012)",548,0.046,15,"Hefeweizen",16
"Skylight",2043,0.056,20,"Dunkelweizen",12
"Kadigan",2042,0.056,30,"American Blonde Ale",12
"Dammit Jim!",2041,0.052,50,"American Amber / Red Ale",12
"Infamous IPA",2038,0.07,75,"American IPA",12
"Hijack",1774,0.055,20,"Cream Ale",12
"Getaway",2036,0.052,30,"German Pilsener",16
"Farm Girl Saison",1168,0.06,30,"Saison / Farmhouse Ale",16
"Pub Ale",2033,0.038,18,"English Dark Mild Ale",12
"Ballistic Blonde",2032,0.051,31,"Belgian Pale Ale",12
"Golden Fleece",2031,0.045,35,"Belgian Pale Ale",12
"Smoking Mirror",2030,0.055,30,"American Porter",12
"Tropicalia",2029,0.065,65,"American IPA",12
"Pursuit",2026,0.07,40,"American IPA",12
"Half Full Bright Ale",1361,0.052,18,"American Blonde Ale",12
"Ale Cider",2018,0.065,8,"Fruit / Vegetable Beer",16
"Pail Ale",2017,0.055,30,"American Pale Ale (APA)",16
"Barrio Blanco",2005,0.06,60,"American IPA",12
"Giant DIPA",2002,0.089,88,"American Double / Imperial IPA",16
"Batch 69 IPA",1556,0.069,69,"American IPA",12
"Twisted Helles Summer Lager",1208,0.055,18,"Munich Helles Lager",12
"Sobek & Set",1664,0.08,80,"American Black Ale",16
"Wet Hot American Wheat Ale",1662,0.05,22,"American Pale Wheat Ale",16
"Fascist Pig Ale",935,0.08,72,"American Amber / Red Ale",16
"LuckenBock",1972,0.07,18,"Bock",16
"Texas Pale Ale (TPA)",1971,0.055,40,"American IPA",16
"Kol' Beer",1969,0.05,22,"Kölsch",16
"Wagon Party",1966,0.054,55,"California Common / Steam Beer",12
"Sky-Five",1965,0.067,70,"American IPA",12
"Stargrazer",1964,0.05,28,"Schwarzbier",12
"Wonderstuff",1963,0.054,48,"German Pilsener",12
"Ozark American Pale Ale",1961,0.04,39,"American Pale Ale (APA)",12
"Overgrown American Pale Ale",1946,0.055,55,"American Pale Ale (APA)",12
"Modus Hoperandi",1521,0.068,65,"American IPA",12
"Estival Cream Stout",1297,0.058,15,"American Stout",12
"Mexican Logger",386,0.042,18,"American Pale Lager",12
"ESB Special Ale",68,0.057,58,"Extra Special / Strong Bitter (ESB)",12
"Modus Hoperandi",67,0.068,65,"American IPA",12
"Almanac IPA",1938,0.062,72,"American IPA",12
"Farmer's Tan Red Ale",1936,0.06,30,"American Amber / Red Ale",12
"Summer Session Ale",1930,0.05,61,"American Pale Wheat Ale",12
"Cape Cod Red",1928,0.055,35,"American Amber / Red Ale",16
"Beach Blonde",1927,0.049,10,"American Blonde Ale",16
"Long Trail IPA",1926,0.059,42,"English India Pale Ale (IPA)",12
"Long Trail Ale",1924,0.046,30,"American Amber / Red Ale",12
"Double Bag",1090,0.072,33,"Altbier",16
"Blackbeary Wheat",574,0.04,8,"Fruit / Vegetable Beer",12
"Long Trail Ale (1)",573,0.046,30,"Altbier",12
"Commotion APA",1923,0.052,49,"American Pale Ale (APA)",12
"Freeride APA",1921,0.053,40,"American Pale Ale (APA)",12
"Alaskan Amber",1920,0.053,18,"Altbier",12
"Heady Topper",1111,0.08,120,"American Double / Imperial IPA",16
"Heady Topper",379,0.08,120,"American Double / Imperial IPA",16
"Hydraulion Red",1913,0.053,22,"Irish Red Ale",12
"40 Mile IPA",1912,0.06,50,"American IPA",12
"Fresh Slice White IPA",1908,0.055,45,"American White IPA",12
"Montauk Summer Ale",1907,0.056,28,"American Blonde Ale",12
"Driftwood Ale",1906,0.06,49,"Extra Special / Strong Bitter (ESB)",12
"Let It Ride IPA",1903,0.068,90,"American IPA",12
"Stir Crazy Winter Ale",1691,0.065,22,"Winter Warmer",12
"Sweet Yamma Jamma Ale",1555,0.05,10,"Fruit / Vegetable Beer",12
"Shenanigans Summer Ale",1115,0.046,27,"American Pale Wheat Ale",12
"Midnight Ryder",729,0.065,80,"American Black Ale",12
"Day Tripper Pale Ale",728,0.054,45,"American Pale Ale (APA)",12
"Lost Sailor IPA",1900,0.055,40,"English India Pale Ale (IPA)",12
"Steel Rail Extra Pale Ale",1317,0.053,20,"American Pale Ale (APA)",12
"Groupe G",1895,0.076,65,"Belgian IPA",16
"Pt. Bonita Rustic Lager",1894,0.062,40,"American Pale Lager",16
"Hill 88 Double IPA",1893,0.088,77,"American Double / Imperial IPA",16
"Longhop IPA",1891,0.042,30,"American IPA",16
"Lucky Buck",1890,0.04,34,"Irish Dry Stout",16
"Thrasher Session India Pale Ale",1886,0.045,44,"American IPA",12
"Gutch English Style Mild Ale",1885,0.05,16,"English Pale Mild Ale",12
"Hop Freak",1884,0.087,80,"American Double / Imperial IPA",16
"Louie's Demise Amber Ale",1272,0.051,24,"American Amber / Red Ale",16
"Hop Happy",1080,0.075,51,"American IPA",16
"Booyah Farmhouse Ale",932,0.065,20,"Saison / Farmhouse Ale",16
"Flaming Damsel Lager (2010)",172,0.048,18,"Vienna Lager",16
"Louie’s Demise Immort-Ale (2010)",171,0.051,24,"American Amber / Red Ale",16
"Whitecap Wit",1882,0.048,16,"Witbier",16
"Seiche Scottish Ale",1881,0.078,16,"Scottish Ale",16
"Naked Pig Pale Ale",1875,0.06,43,"American Pale Ale (APA)",12
"El Chingon IPA",1874,0.076,73,"American IPA",12
"Block Party Robust Porter",1873,0.057,40,"American Porter",12
"Local Buzz",1872,0.052,20,"American Blonde Ale",12
"Saint Archer White Ale",1868,0.05,15,"Witbier",12
"Saint Archer IPA",1867,0.068,66,"American IPA",12
"Saint Archer Pale Ale",1865,0.052,40,"American Pale Ale (APA)",12
"Saint Archer Blonde",1864,0.048,22,"Kölsch",12
"Supergoose IPA",1857,0.069,67,"American IPA",12
"IPA & a Half",1856,0.073,87,"American IPA",12
"Ornery Amber Lager (2003)",736,0.055,33,"Vienna Lager",12
"On the Count of 3 (2015)",1778,0.07,42,"Hefeweizen",16
"Amber Road",533,0.055,35,"American Amber / Red Ale",12
"Pamola Xtra Pale Ale",183,0.049,28,"American Pale Ale (APA)",12
"Stowaway IPA",182,0.069,69,"American IPA",12
"American India Red Ale",1850,0.071,83,"American Strong Ale",12
"American Red Porter",1849,0.071,45,"American Porter",12
"American Red Saison",1848,0.078,34,"Saison / Farmhouse Ale",12
"Colorado Red Ale",1847,0.066,44,"American Amber / Red Ale",12
"Wachusett Light IPA",1846,0.04,37,"American IPA",12
"Green Monsta IPA",1845,0.06,55,"American IPA",12
"Wachusett IPA",1844,0.056,50,"American IPA",12
"Larry Imperial IPA",1418,0.085,85,"American Double / Imperial IPA",12
"Country Pale Ale",1030,0.051,17,"English Pale Ale",12
"Wachusett Light IPA (2013)",1029,0.04,37,"American IPA",12
"Pumpkan",908,0.052,20,"Pumpkin Ale",12
"Wachusett Blueberry Ale",619,0.045,10,"Fruit / Vegetable Beer",12
"Green Monsta IPA",618,0.06,55,"American IPA",12
"Hefe Lemon",1838,0.049,30,"Radler",12
"Hefe Black",1837,0.049,30,"Hefeweizen",12
"Widmer Brothers Hefeweizen",1836,0.049,30,"Hefeweizen",12
"Provision",1835,0.042,25,"Saison / Farmhouse Ale",12
"One Nut Brown",1834,0.047,28,"American Brown Ale",12
"Hop Farm IPA",1833,0.058,45,"American IPA",12
"Adam's Stout",1832,0.058,40,"American Stout",12
"American Hero",1688,0.057,42,"American Amber / Red Ale",12
"Schweet Ale",1687,0.052,20,"Fruit / Vegetable Beer",12
"Irregardless IPA",1686,0.065,75,"American IPA",12
"Our Legacy IPA",1831,0.065,60,"American IPA",12
"Our Legacy IPA",1135,0.065,60,"American IPA",16
"Blueberry Blonde Ale",773,0.05,12,"American Blonde Ale",12
"Porch Rocker",1830,0.045,8,"Radler",12
"Rebel IPA",1629,0.065,45,"American IPA",16
"Boston Lager",1349,0.049,30,"Vienna Lager",16
"Boston Lager",1310,0.049,30,"Vienna Lager",12
"Samuel Adams Octoberfest",1281,0.053,15,"Märzen / Oktoberfest",12
"Samuel Adams Summer Ale",1144,0.053,7,"American Pale Wheat Ale",12
"Boston Lager",1143,0.049,30,"Vienna Lager",12
"Falling Down Brown Ale",1487,0.065,65,"American Brown Ale",16
"Old Forge Pumpkin Ale",1394,0.046,20,"Pumpkin Ale",16
"Squatters Hop Rising Double IPA",1825,0.09,75,"American Double / Imperial IPA",12
"Squatters Hop Rising Double IPA (2014)",1680,0.09,75,"American Double / Imperial IPA",12
"#9",1813,0.051,20,"Fruit / Vegetable Beer",16
"Elder Betty",1113,0.055,13,"Hefeweizen",12
"#9",360,0.051,20,"Fruit / Vegetable Beer",12
"Quarter Mile Double IPA",1812,0.08,80,"American Double / Imperial IPA",12
"Hoptopus Double IPA",1806,0.088,108,"American Double / Imperial IPA",16
"Rodeo Rye Pale Ale",1805,0.042,35,"American Pale Ale (APA)",12
"Outlaw IPA",1048,0.062,65,"American IPA",12
"Payette Pale Ale",890,0.048,35,"American Pale Ale (APA)",12
"Mutton Buster",775,0.055,25,"American Brown Ale",12
"Last Stop IPA",1801,0.072,60,"American IPA",12
"Rollin Dirty Red Ale",1800,0.05,21,"Irish Red Ale",12
"Are Wheat There Yet?",1799,0.055,28,"American Pale Wheat Ale",12
"Dagger Falls IPA",1596,0.063,100,"American IPA",12
"Dagger Falls IPA",1595,0.063,100,"American IPA",12
"Old Devil's Tooth",1160,0.099,100,"American Barleywine",12
"Hell-Diver Pale Ale",1151,0.052,32,"American Pale Ale (APA)",12
"Woolybugger Wheat",1150,0.046,12,"American Pale Wheat Ale",12
"Winterfest",995,0.084,90,"American Strong Ale",16
"Dagger Falls IPA",879,0.063,100,"American IPA",12
"Filthy Hoppin' IPA",1795,0.065,72,"American IPA",16
"Thunder Ann",1793,0.055,37,"American Pale Ale (APA)",12
"Iron Butt Red Ale",1792,0.058,39,"American Amber / Red Ale",12
"Initial Point India Pale Ale",1609,0.071,92,"American IPA",12
"Hot Date Ale",1791,0.06,20,"Chile Beer",16
"Sweet Potato Ale",1491,0.06,24,"Fruit / Vegetable Beer",16
"Float Trip Ale",1335,0.045,18,"American Blonde Ale",16
"Old Tom Porter",847,0.055,25,"American Porter",16
"Black Walnut Wheat",846,0.045,18,"American Dark Wheat Ale",16
"McKinney Eddy Amber Ale",521,0.055,20,"American Amber / Red Ale",16
"Missouri Mule India Pale Ale",479,0.07,70,"American IPA",16
"Banner American Rye",1644,0.045,20,"Rye Beer",12
"Banner American Ale",1643,0.035,45,"American Amber / Red Ale",12
"Jacaranada Rye IPA",1772,0.067,60,"American IPA",16
"Lil SIPA",1771,0.05,55,"American IPA",16
"Hop Bomber Rye Pale Ale",1654,0.055,60,"American Pale Ale (APA)",16
"Voodoo Love Child",1770,0.092,25,"Tripel",12
"White Magick of the Sun",1769,0.079,23,"Witbier",12
"Wynona's Big Brown Ale",1730,0.075,31,"American Brown Ale",12
"Gran Met",1729,0.092,25,"Belgian Strong Pale Ale",12
"Good Vibes IPA",1603,0.073,85,"American IPA",12
"Pilzilla",1488,0.075,85,"American Double / Imperial Pilsner",12
"GreyBeard™ IPA",1760,0.069,51,"American IPA",12
"Pisgah Pale Ale",1759,0.057,31,"American Pale Ale (APA)",12
"When Helles Freezes Over",1756,0.056,18,"Munich Helles Lager",12
"Morgan Street Oktoberfest",1617,0.049,24,"Märzen / Oktoberfest",12
"Honey Wheat",1052,0.047,14,"American Pale Wheat Ale",12
"Black Bear Dark Lager",1051,0.046,24,"Schwarzbier",12
"Golden Pilsner",1046,0.05,35,"German Pilsener",12
"Just IPA",1749,0.046,45,"American IPA",12
"Bronx Summer Pale Ale",1748,0.052,16,"American Pale Ale (APA)",16
"Bronx Black Pale Ale",1747,0.057,46,"American Black Ale",16
"Bronx Pale Ale",1037,0.063,50,"American Pale Ale (APA)",16
"Dead Armadillo Amber Ale",1746,0.063,37,"American Amber / Red Ale",12
"A Slice of Hefen",1741,0.054,15,"Hefeweizen",16
"Elevated IPA",664,0.072,100,"American IPA",16
"Iron Horse Pale Ale",1722,0.05,32,"American Pale Ale (APA)",12
"Stone's Throw IPA",1435,0.045,19,"Scottish Ale",12
"Wood Chipper India Pale Ale",1434,0.067,70,"American IPA",12
"Big Sky IPA",1714,0.062,65,"American IPA",12
"Scape Goat Pale Ale",1713,0.05,40,"English Pale Ale",12
"Montana Trout Slayer Ale",1712,0.05,35,"American Pale Wheat Ale",12
"Moose Drool Brown Ale",1711,0.051,26,"American Brown Ale",12
"Powder Hound Winter Ale",1456,0.072,60,"English Strong Ale",12
"Moose Drool Brown Ale (2011)",767,0.051,26,"American Brown Ale",12
"Montana Trout Slayer Ale (2012)",766,0.05,35,"American Pale Wheat Ale",12
"Big Sky IPA (2012)",579,0.062,65,"American IPA",12
"Scape Goat Pale Ale (2010)",159,0.05,40,"English Pale Ale",12
"Montana Trout Slayer Ale (2009)",35,0.05,35,"American Pale Wheat Ale",12
"Moose Drool Brown Ale (2009)",34,0.051,26,"American Brown Ale",12
"Wick For Brains",1705,0.061,11,"Pumpkin Ale",12
"Nebraska India Pale Ale",1148,0.065,65,"American IPA",12
"EOS Hefeweizen",1147,0.048,10,"Hefeweizen",12
"Brunette Nut Brown Ale",1146,0.048,15,"English Brown Ale",12
"Cardinal Pale Ale",1145,0.057,29,"American Pale Ale (APA)",12
"Be Hoppy IPA",1697,0.065,69,"American IPA",16
"Category 3 IPA",1685,0.061,64,"American IPA",12
"KelSo Nut Brown Lager",1678,0.057,19,"Euro Dark Lager",12
"KelSo India Pale Ale",1572,0.06,64,"American IPA",12
"KelSo Pilsner",1348,0.055,23,"Czech Pilsener",12
"The Great Return",1677,0.075,70,"American IPA",16
"Hardywood Cream Ale",1331,0.044,18,"Cream Ale",12
"Capital Trail Pale Ale",1270,0.056,55,"American Pale Ale (APA)",12
"Troopers Alley IPA",1676,0.059,135,"American IPA",12
"Madra Allta",1675,0.064,95,"American IPA",12
"Duluchan India Pale Ale",1249,0.056,70,"American IPA",12
"Chaotic Double IPA",1674,0.099,93,"American Double / Imperial IPA",12
"Manzanita IPA",1673,0.08,88,"American IPA",12
"Riverwalk Blonde Ale",1672,0.06,25,"American Blonde Ale",12
"Gillespie Brown Ale",1671,0.095,49,"American Brown Ale",12
"Manzanita Pale Ale",1670,0.066,44,"American Pale Ale (APA)",12
"Chai Ale",1649,0.051,15,"Herbed / Spiced Beer",16
"Lucky Day IPA",1648,0.072,85,"American IPA",16
"Terrace Hill Double IPA",1647,0.095,99,"American Double / Imperial IPA",16
"Catch 23",1646,0.075,77,"American Black Ale",16
"Westfield Octoberfest",1645,0.057,22,"Märzen / Oktoberfest",12
"Charlie in the Rye",1550,0.058,55,"American IPA",12
"Elephant Rock IPA",1384,0.07,75,"American IPA",12
"Belgian Style Session Ale",1625,0.045,21,"Belgian Pale Ale",12
"Summer Paradise",1484,0.05,18,"American Pale Wheat Ale",12
"Monk from the 'Yunk",1356,0.09,30,"Tripel",12
"Schuylkill Punch",1355,0.06,14,"Fruit / Vegetable Beer",12
"Dreamin' Double IPA",1334,0.085,85,"American Double / Imperial IPA",12
"Jam Session",1622,0.051,31,"American Pale Ale (APA)",16
"Hop Drop 'N Roll IPA",1621,0.072,80,"American IPA",16
"Pumpkin Beast",1620,0.062,17,"Pumpkin Ale",12
"OktoberBeast",1579,0.072,22,"Märzen / Oktoberfest",12
"Mad Beach",1228,0.048,23,"American Pale Wheat Ale",12
"Devils Tramping Ground Tripel",704,0.092,5,"Tripel",12
"Hot Rod Red",702,0.061,41,"American Amber / Red Ale",12
"Hop Slayer Double IPA",1619,0.082,100,"American Double / Imperial IPA",12
"Phat Chance",971,0.052,27,"American Blonde Ale",12
"Hop Slayer Double IPA (2011)",740,0.082,100,"American Double / Imperial IPA",12
"Hop Slayer Double IPA (2011)",430,0.082,100,"American Double / Imperial IPA",12
"Wild Onion Summer Wit",398,0.042,13,"Witbier",12
"Jack Stout",366,0.06,23,"Oatmeal Stout",12
"Paddy Pale Ale",162,0.056,41,"American Pale Ale (APA)",12
"The 12th Can™",1615,0.045,32,"American Pale Ale (APA)",16
"Hilliard's Pils",889,0.055,34,"Czech Pilsener",16
"Hilliard's Blonde",724,0.049,20,"American Blonde Ale",16
"Hilliard's Amber Ale",497,0.055,60,"American Amber / Red Ale",16
"Hilliard's Saison",496,0.066,30,"Saison / Farmhouse Ale",16
"Chickawawa Lemonale",1604,0.05,5,"Fruit / Vegetable Beer",12
"Barrel Aged Farmer",1574,0.07,22,"American Brown Ale",16
"Dos Pistolas",1244,0.048,20,"Vienna Lager",12
"Owney Irish Style Red Ale",1064,0.05,30,"Irish Red Ale",16
"Widespread Wit",865,0.055,10,"Witbier",16
"Roller Dam Red Ale",864,0.054,30,"Irish Red Ale",16
"483 Pale Ale",863,0.053,48,"American Pale Ale (APA)",16
"Hop A Potamus Double Dark Rye Pale Ale",672,0.09,99,"Rye Beer",16
"Farmer Brown Ale",655,0.07,22,"American Brown Ale",16
"Big Cock IPA",540,0.07,70,"American IPA",16
"Oktoberfest",539,0.059,25,"Märzen / Oktoberfest",16
"40th Annual Bix Street Fest Copper Ale (Current)",517,0.048,25,"American Amber / Red Ale",16
"Redband Stout",371,0.06,36,"American Stout",16
"483 Pale Ale (2010)",190,0.053,48,"American Pale Ale (APA)",16
"Roller Dam Red Ale (2010)",189,0.054,30,"Irish Red Ale",16
"Mustang Golden Ale",421,0.053,10,"American Blonde Ale",12
"Washita Wheat",420,0.053,14,"American Pale Wheat Ale",12
"Maylani's Coconut Stout",1594,0.053,35,"American Stout",16
"Oatmeal PSA",1162,0.05,35,"American Pale Ale (APA)",16
"Pre Flight Pilsner",1137,0.052,33,"American Pilsner",16
"Lower De Boom",1036,0.099,92,"American Barleywine",8.4
"Fireside Chat",1024,0.079,45,"Winter Warmer",12
"Bitter American",876,0.044,42,"American Pale Ale (APA)",12
"Hell or High Watermelon Wheat (2009)",802,0.049,17,"Fruit / Vegetable Beer",12
"Hell or High Watermelon Wheat (2009)",801,0.049,17,"Fruit / Vegetable Beer",12
"21st Amendment Watermelon Wheat Beer (2006)",800,0.049,17,"Fruit / Vegetable Beer",12
"21st Amendment IPA (2006)",799,0.07,70,"American IPA",12
"Brew Free! or Die IPA (2008)",797,0.07,70,"American IPA",12
"Brew Free! or Die IPA (2009)",796,0.07,70,"American IPA",12
"Special Edition: Allies Win The War!",531,0.085,52,"English Strong Ale",12
"Hop Crisis",432,0.097,94,"American Double / Imperial IPA",12
"Bitter American (2011)",353,0.044,42,"American Pale Ale (APA)",12
"Fireside Chat (2010)",321,0.079,45,"Winter Warmer",12
"Back in Black",173,0.068,65,"American Black Ale",12
"Monk's Blood",11,0.083,35,"Belgian Dark Ale",12
"Brew Free! or Die IPA",10,0.07,65,"American IPA",12
"Hell or High Watermelon Wheat",9,0.049,17,"Fruit / Vegetable Beer",12
"Crank Yanker IPA",1382,0.078,74,"American IPA",16
"Crank Yanker IPA (2011)",395,0.078,74,"American IPA",16
"Sly Fox Christmas Ale 2013",1588,0.055,16,"Winter Warmer",12
"Grisette",1363,0.056,25,"Grisette",12
"Helles Golden Lager",1123,0.049,18,"Munich Helles Lager",12
"Sly Fox Christmas Ale 2012 (2012)",926,0.055,16,"Winter Warmer",12
"Odyssey Imperial IPA",894,0.084,90,"American Double / Imperial IPA",12
"Oktoberfest Lager",166,0.058,25,"Märzen / Oktoberfest",12
"113 IPA",24,0.07,113,"American IPA",12
"Dunkel Lager",23,0.053,21,"Munich Dunkel Lager",12
"Royal Weisse Ale",22,0.056,11,"Hefeweizen",12
"Pikeland Pils",21,0.049,44,"German Pilsener",12
"Phoenix Pale Ale",20,0.051,40,"American Pale Ale (APA)",12
"Trolley Stop Stout",1580,0.057,40,"American Stout",12
"Bitter Bitch Imperial IPA",980,0.082,138,"American Double / Imperial IPA",12
"Poop Deck Porter",979,0.062,35,"American Porter",12
"Old Red Beard Amber Ale",978,0.06,35,"American Amber / Red Ale",12
"Lahaina Town Brown",1578,0.051,20,"American Brown Ale",12
"Sobrehumano Palena'ole",690,0.06,24,"American Amber / Red Ale",12
"La Perouse White",547,0.05,12,"Witbier",12
"Flyin' HI.P.Hay",435,0.068,68,"American IPA",12
"Mana Wheat",313,0.055,15,"American Pale Wheat Ale",12
"Bikini Blonde Lager",33,0.045,18,"Munich Helles Lager",12
"CoCoNut Porter",32,0.057,30,"American Porter",12
"Big Swell IPA",31,0.062,65,"American IPA",12
"12th Round",1577,0.076,78,"American Strong Ale",16
"RoughTail IPA",1576,0.07,80,"American IPA",16
"Slow Hand Stout",1571,0.052,29,"American Stout",16
"Flying Jenny Extra Pale Ale",1505,0.06,54,"American Pale Ale (APA)",12
"Hazy Day Belgian-Style Wit",1186,0.04,20,"Witbier",16
"Leaning Chimney Smoked Porter",984,0.06,34,"American Porter",16
"Flying Jenny Extra Pale Ale (2012)",693,0.06,54,"American Pale Ale (APA)",12
"Flagship Ale",631,0.049,22,"Cream Ale",12
"1327 Pod's ESB",888,0.056,37,"Extra Special / Strong Bitter (ESB)",12
"1327 Pod's ESB",886,0.056,37,"Extra Special / Strong Bitter (ESB)",12
"1327 Pod's ESB",612,0.056,37,"Extra Special / Strong Bitter (ESB)",12
"834 Happy As Ale",611,0.046,35,"American Pale Ale (APA)",12
"Full Nelson Pale Ale",1547,0.059,60,"American Pale Ale (APA)",12
"Steel Wheels ESB",1546,0.065,30,"Extra Special / Strong Bitter (ESB)",12
"Blue Mountain Classic Lager",1545,0.053,22,"Euro Pale Lager",12
"Full Nelson Pale Ale (2010)",119,0.059,60,"American Pale Ale (APA)",12
"Starr Pils",1544,0.042,20,"German Pilsener",12
"Northern Lights India Pale Ale",1205,0.065,52,"American IPA",16
"Festie",369,0.048,12,"Märzen / Oktoberfest",12
"Northern Lights India Pale Ale",368,0.065,52,"American IPA",12
"Westbrook Gose",1312,0.04,5,"Gose",12
"White Thai",576,0.05,16,"Witbier",12
"Westbrook IPA",575,0.068,65,"American IPA",12
"Monkey Fist IPA",1539,0.069,65,"American IPA",12
"Old Grogham Imperial India Pale Ale",1265,0.085,86,"American Double / Imperial IPA",16
"Old Grogham Imperial India Pale Ale (2012)",747,0.085,86,"American Double / Imperial IPA",16
"G'KNIGHT",1533,0.087,85,"American Double / Imperial IPA",12
"Ten Fidy",1532,0.099,98,"Russian Imperial Stout",12
"Deviant Dale's IPA",1328,0.08,85,"American Double / Imperial IPA",16
"Old Chub",1175,0.08,35,"Scottish Ale",12
"Dale's Pale Ale",1166,0.065,65,"American Pale Ale (APA)",19.2
"Dale's Pale Ale",1065,0.065,65,"American Pale Ale (APA)",12
"Agave Wheat",1522,0.042,9,"American Pale Wheat Ale",12
"SummerBright Ale",397,0.045,15,"American Pale Wheat Ale",12
"Lucky U IPA",193,0.062,68,"American IPA",12
"Avalanche Ale",83,0.054,19,"American Amber / Red Ale",12
"Saison 88",1519,0.055,30,"Saison / Farmhouse Ale",12
"Black IPA",967,0.071,95,"American Black Ale",12
"Shark Bait",1508,0.053,11,"Fruit / Vegetable Beer",12
"Gator Tail Brown Ale",1507,0.053,30,"American Brown Ale",12
"Miami Vice IPA",1506,0.071,62,"American IPA",12
"Big Rod Coconut Ale",1325,0.053,16,"American Blonde Ale",12
"Alteration",502,0.051,40,"Altbier",12
"Pale Dog",501,0.06,50,"American Pale Ale (APA)",12
"1881 California Red",1479,0.056,35,"American Amber / Red Ale",12
"CAPT Black IPA",1478,0.073,55,"American Black Ale",12
"Ruhstaller's Gilt Edge Lager Beer",1370,0.048,42,"American Amber / Red Lager",12
"CAPT Black IPA",883,0.073,55,"American Black Ale",16
"1881 California Red Ale",882,0.056,35,"American Amber / Red Ale",16
"Oval Beach Blonde Ale",1477,0.05,11,"American Blonde Ale",16
"Desolation IPA",837,0.062,43,"American IPA",16
"Wolverine Premium Lager",1468,0.047,15,"American Pale Lager",12
"Sudice American Stout",1455,0.07,58,"American Stout",16
"Parcae Belgian Style Pale Ale",1454,0.05,20,"Belgian Pale Ale",16
"Norns Roggenbier",1453,0.05,20,"Roggenbier",16
"Laimas Kölsch Style Ale",1452,0.05,20,"Kölsch",16
"Moirai India Pale Ale",1451,0.07,70,"American IPA",16
"Weiss Trash Culture",1417,0.034,6,"Berliner Weissbier",12
"Gandhi-Bot Double IPA (12 oz.)",320,0.088,85,"American Double / Imperial IPA",12
"Gandhi-Bot Double IPA (16 oz.) (2010)",42,0.088,85,"American Double / Imperial IPA",16
"Sand Island Lighthouse",1410,0.051,25,"Kölsch",12
"Lily Flagg Milk Stout",925,0.05,30,"Milk / Sweet Stout",12
"Monkeynaut IPA",637,0.072,70,"American IPA",12
"Kölsch 151",1408,0.049,16,"Kölsch",12
"Tybee Island Blonde",1407,0.047,17,"American Blonde Ale",12
"Savannah Brown Ale",1406,0.062,55,"American Brown Ale",12
"Hazed & Infused",1395,0.049,35,"American Pale Ale (APA)",12
"Hoopla Pale Ale",808,0.057,35,"American Pale Ale (APA)",12
"Hazed & Infused (2010)",81,0.049,35,"American Pale Ale (APA)",12
"Cascadian Dark Ale",1393,0.06,75,"American Black Ale",12
"Wheat the People",893,0.044,13,"American Pale Wheat Ale",16
"Sanitas Saison Ale",1392,0.058,20,"Saison / Farmhouse Ale",12
"Sanitas Black IPA",1391,0.068,65,"American Black Ale",12
"Beaver Logger",1383,0.052,19,"American Pale Lager",12
"Grazias",1351,0.063,30,"Cream Ale",16
"Habitus IPA",1346,0.08,86,"American IPA",16
"Ex Umbris Rye Imperial Stout",904,0.099,85,"American Double / Imperial Stout",16
"Belgorado",928,0.067,45,"Belgian IPA",12
"Silverback Pale Ale",145,0.055,40,"American Pale Ale (APA)",12
"Quakertown Stout",1333,0.092,50,"American Double / Imperial Stout",12
"Greenbelt Farmhouse Ale",1332,0.051,20,"Saison / Farmhouse Ale",12
"Schlafly Yakima Wheat Ale",1324,0.05,45,"American Pale Wheat Ale",12
"Schlafly IPA",1078,0.045,30,"American IPA",12
"Schlafly American Brown Ale",1077,0.05,30,"American Brown Ale",12
"Schlafly Hefeweizen",588,0.041,16,"Hefeweizen",12
"Schlafly Summer Lager",53,0.045,17,"Munich Helles Lager",12
"Green Bullet Organic India Pale Ale",1322,0.07,45,"American IPA",16
"Face Plant IPA",1309,0.062,65,"American IPA",12
"Rhino Chasers Pilsner",1308,0.056,55,"Czech Pilsener",12
"Blur India Pale Ale",1302,0.074,60,"American IPA",12
"Gateway Kolsch Style Ale",1300,0.053,32,"Kölsch",12
"Wee-Heavy-Er Scotch Ale",1260,0.07,24,"Scotch Ale / Wee Heavy",12
"13 Rebels ESB",1259,0.052,42,"Extra Special / Strong Bitter (ESB)",12
"Na Zdraví Pilsner",1283,0.048,32,"Czech Pilsener",16
"Nice Rack IPA",1282,0.055,65,"American IPA",16
"East India Pale Ale",1279,0.068,47,"English India Pale Ale (IPA)",16
"East India Pale Ale",566,0.068,47,"English India Pale Ale (IPA)",12
"Longboard Island Lager",1274,0.046,18,"American Amber / Red Lager",24
"Longboard Island Lager",1220,0.046,18,"American Amber / Red Lager",16
"Longboard Island Lager",1070,0.046,18,"American Amber / Red Lager",12
"Longboard Island Lager",590,0.046,18,"American Amber / Red Lager",12
"Rustic Red",1268,0.052,23,"Irish Red Ale",16
"Stimulator Pale Ale",697,0.053,48,"American Pale Ale (APA)",16
"Old Town Ale",696,0.045,22,"Kölsch",16
"Car 21",695,0.044,28,"English Bitter",16
"Cache La Porter",694,0.05,24,"American Porter",16
"5 Day IPA",1258,0.061,66,"American IPA",12
"O'Fallon Wheach",128,0.051,7,"Fruit / Vegetable Beer",12
"Jack Pine Savage",1257,0.053,43,"American Pale Ale (APA)",16
"Forest Fire Imperial Smoked Rye",1256,0.099,85,"Rye Beer",16
"Bad Axe Imperial IPA",1255,0.098,76,"American Double / Imperial IPA",16
"Morning Wood",986,0.055,35,"Oatmeal Stout",16
"Bark Bite IPA",985,0.066,50,"American IPA",16
"Big Nose",1242,0.073,50,"American IPA",12
"Cotton Mouth",1241,0.05,10,"Witbier",12
"Stump Knocker Pale Ale",1240,0.056,35,"American Pale Ale (APA)",12
"Midnight Oil",1239,0.05,38,"Oatmeal Stout",12
"Wild Night",1238,0.059,18,"Cream Ale",12
"Pit Stop Chocolate Porter",1237,0.037,34,"American Porter",12
"Pace Setter Belgian Style Wit",1236,0.037,21,"Witbier",12
"Back in the Saddle Rye Pale Ale",1047,0.037,53,"American Pale Ale (APA)",12
"Dodgy Knight Imperial IPA",1229,0.08,95,"American Double / Imperial IPA",12
"TailGate IPA",663,0.05,44,"American IPA",24
"TailGate IPA",662,0.05,44,"American IPA",12
"TailGate Hefeweizen",623,0.049,28,"Hefeweizen",24
"Blacktop Blonde",622,0.05,19,"American Blonde Ale",24
"Blacktop Blonde",362,0.05,19,"American Blonde Ale",12
"TailGate Hefeweizen",361,0.049,28,"Hefeweizen",12
"Three Skulls Ale Pale Ale",1226,0.063,42,"American Pale Ale (APA)",16
"Chuli Stout",1213,0.059,55,"Irish Dry Stout",12
"Mother Ale",1159,0.056,46,"American Blonde Ale",12
"Twister Creek India Pale Ale",947,0.065,71,"American IPA",12
"Single Engine Red",929,0.058,46,"Irish Red Ale",12
"Mirror Pond Pale Ale",1210,0.05,40,"American Pale Ale (APA)",12
"Bomber Mountain Amber Ale (2013)",1200,0.046,20,"American Amber / Red Ale",12
"Indian Paintbrush IPA",1199,0.07,75,"American IPA",12
"Saddle Bronc Brown Ale (2013)",1198,0.048,16,"English Brown Ale",12
"Wagon Box Wheat Beer",1197,0.059,15,"American Pale Wheat Ale",12
"Peninsula Brewers Reserve (PBR)",1187,0.05,15,"American Blonde Ale",12
"Harvest Ale",901,0.065,35,"Saison / Farmhouse Ale",12
"Fremont Summer Ale",875,0.065,45,"American Pale Ale (APA)",12
"Universale Pale Ale",858,0.056,30,"American Pale Ale (APA)",12
"Interurban IPA",857,0.065,80,"American IPA",12
"Mo's Gose",1172,0.052,10,"Gose",16
"Colorado Native",1165,0.055,26,"American Amber / Red Lager",12
"Colorado Native (2011)",431,0.055,26,"American Amber / Red Lager",12
"Descender IPA",1109,0.07,70,"American IPA",12
"Sweet As Pacific Ale",1108,0.06,18,"American Pale Wheat Ale",12
"Pablo Beach Pale Ale",1106,0.05,30,"American Pale Ale (APA)",12
"RecreationAle",1082,0.047,42,"American Pale Ale (APA)",12
"The Hole in Hadrian's Wall",1059,0.095,19,"Scottish Ale",16
"33 Select Brown Ale",1058,0.065,26,"American Brown Ale",16
"Midwest Charm Farmhouse Ale",603,0.06,29,"Saison / Farmhouse Ale",16
"Boji Blue Pale Ale",602,0.05,45,"American Pale Ale (APA)",16
"Winter Games Select #32 Stout",601,0.057,26,"American Stout",16
"Boji Beach Golden Rye Ale",600,0.05,23,"Rye Beer",16
"South Ridge Amber Ale",1057,0.06,31,"American Amber / Red Ale",16
"Summertime Ale",681,0.052,23,"Kölsch",16
"Watership Brown Ale",1021,0.072,55,"American Brown Ale",12
"Gangway IPA",938,0.062,55,"American IPA",12
"Orange Wheat",1016,0.046,17,"Fruit / Vegetable Beer",12
"Hangar 24 Helles Lager",1015,0.043,14,"Munich Helles Lager",12
"Good People Pale Ale",1000,0.056,36,"American Pale Ale (APA)",12
"Snake Handler Double IPA",312,0.093,103,"American Double / Imperial IPA",12
"Coffee Oatmeal Stout",311,0.06,54,"Oatmeal Stout",12
"Good People IPA",309,0.06,64,"American IPA",12
"Good People American Brown Ale",308,0.058,36,"American Brown Ale",12
"Loose Cannon",990,0.072,45,"American IPA",12
"AARGHtoberfest!",989,0.06,30,"Märzen / Oktoberfest",12
"Rude Parrot IPA",972,0.059,75,"American IPA",16
"British Pale Ale (2010)",866,0.054,30,"English Pale Ale",16
"British Pale Ale",48,0.054,30,"English Pale Ale",16
"Ballz Deep Double IPA",47,0.084,82,"American Double / Imperial IPA",16
"Des Moines IPA",970,0.068,75,"American IPA",16
"Capital Gold Golden Lager",969,0.048,22,"German Pilsener",16
"Farmer John's Multi-Grain Ale",968,0.056,21,"American Blonde Ale",16
"Topcutter India Pale Ale",966,0.068,70,"American IPA",12
"Field 41 Pale Ale",965,0.044,38,"American Pale Ale (APA)",12
"Mac's Scottish Style Amber Ale (2000)",961,0.051,32,"American Amber / Red Ale",12
"Wisco Disco",953,0.051,31,"American Amber / Red Ale",16
"Long Hammer IPA",945,0.065,44,"American IPA",16
"Long Hammer IPA",583,0.065,44,"American IPA",12
"Copper Hook (2011)",339,0.058,27,"American Amber / Red Ale",12
"Blue Point White IPA",692,0.06,40,"American White IPA",12
"Blue Point Summer Ale",667,0.044,16,"American Blonde Ale",12
"Toasted Lager",665,0.055,28,"Vienna Lager",12
"Old Elephant Foot IPA",544,0.07,80,"American IPA",16
"Deadicated Amber",924,0.054,27,"American Amber / Red Ale",16
"California Sunshine Rye IPA",730,0.071,85,"American IPA",16
"Full Boar Scotch Ale",647,0.074,12,"Scotch Ale / Wee Heavy",16
"Northern Lights Amber Ale",921,0.05,15,"American Amber / Red Ale",12
"Polar Pale Ale",920,0.052,17,"American Pale Ale (APA)",12
"Fairweather IPA",648,0.061,64,"American IPA",12
"Frankenlou's IPA",918,0.07,105,"American IPA",16
"Becky's Black Cat Porter",917,0.07,55,"American Porter",16
"Hop Abomination",881,0.066,100,"American IPA",12
"Apricot Blonde",880,0.051,17,"Fruit / Vegetable Beer",12
"Dry Dock Hefeweizen",872,0.043,12,"Hefeweizen",12
"Dry Dock Amber Ale",871,0.058,49,"American Amber / Red Ale",12
"Special Amber",855,0.05,22,"Vienna Lager",12
"Special Amber",445,0.05,22,"Vienna Lager",12
"Tonganoxie Honey Wheat",824,0.044,22,"American Pale Wheat Ale",12
"Gordon (2005)",805,0.092,85,"American Double / Imperial IPA",12
"Ten Fidy Imperial Stout (2008)",804,0.095,98,"Russian Imperial Stout",12
"Ten Fidy Imperial Stout (2007)",803,0.099,98,"Russian Imperial Stout",12
"Old Chub (2008)",787,0.08,35,"Scottish Ale",12
"Old Chub (2004)",786,0.08,35,"Scottish Ale",12
"Old Chub (2003)",785,0.08,35,"Scottish Ale",12
"Dale's Pale Ale (2008)",745,0.065,65,"American Pale Ale (APA)",12
"Dale's Pale Ale (2006)",744,0.065,65,"American Pale Ale (APA)",12
"Dale's Pale Ale (2004)",743,0.065,65,"American Pale Ale (APA)",12
"Dale's Pale Ale (2003)",742,0.065,65,"American Pale Ale (APA)",12
"Dale's Pale Ale (2002)",741,0.065,65,"American Pale Ale (APA)",12
"Gordon Beer (2006)",733,0.087,60,"American Double / Imperial IPA",12
"Choc Beer (2003)",781,0.04,9,"American Dark Wheat Ale",12
"Ace IPA",762,0.074,83,"American IPA",16
"P-51 Porter",761,0.08,31,"American Porter",16
"Cold Smoke Scotch Ale (2007)",760,0.065,11,"Scotch Ale / Wee Heavy",16
"Double Haul IPA (2009)",759,0.065,65,"American IPA",16
"Double Haul IPA (2006)",758,0.065,65,"American IPA",16
"Eddy Out Pale Ale",87,0.055,50,"American Pale Ale (APA)",16
"Double Haul IPA",86,0.065,65,"American IPA",16
"Cold Smoke Scotch Ale",85,0.065,11,"Scotch Ale / Wee Heavy",16
"Crabtree Oatmeal Stout",659,0.075,29,"Oatmeal Stout",16
"Eclipse Black IPA",556,0.077,71,"American Black Ale",16
"Dottie Seattle Lager",673,0.049,25,"American Amber / Red Lager",16
"Mucho Aloha Hawaiian Pale Ale",668,0.056,36,"American Pale Ale (APA)",12
"Big River Pilsner",643,0.05,32,"Czech Pilsener",12
"House Brand IPA",632,0.06,55,"American IPA",12
"Hoppy Boy",641,0.062,65,"American IPA",16
"Snake Dog IPA",608,0.071,60,"American IPA",12
"Underdog Atlantic Lager",607,0.047,28,"American Pale Lager",12
"This Season's Blonde",597,0.056,27,"American Blonde Ale",12
"Independence Pass Ale",596,0.07,67,"American IPA",12
"Bomb Lager (Old Recipe)",513,0.045,27,"Munich Helles Lager",12
"Churchkey Pilsner Style Beer",567,0.049,29,"American Pilsner",12
"Jon Boat Coastal Ale",559,0.045,20,"American Blonde Ale",12
"I-10 IPA",558,0.068,55,"American IPA",12
"People's Pale Ale",553,0.053,28,"American Pale Ale (APA)",12
"Rocket Girl",550,0.032,27,"Kölsch",12
"Ninja Porter",429,0.053,26,"American Porter",12
"Shiva IPA",428,0.06,69,"American IPA",12
"Black Adder IBA (Current)",383,0.073,85,"American Black Ale",16
"Tule Duck Red Ale (Current)",28,0.062,42,"American Amber / Red Ale",16
"Original Orange Blossom Ale (Current)",27,0.058,35,"Herbed / Spiced Beer",16
"Black Noddy Lager (Current)",26,0.052,40,"Schwarzbier",16
"Jockamo IPA",516,0.065,52,"American IPA",12
"Purple Haze",515,0.042,13,"Fruit / Vegetable Beer",12
"Abita Amber",514,0.045,17,"American Amber / Red Lager",12
"Dundee Summer Wheat Beer",457,0.045,18,"American Pale Wheat Ale",12
"Greenville Pale Ale",433,0.055,52,"American Pale Ale (APA)",12
"Sky High Rye",413,0.06,55,"American Pale Ale (APA)",12
"Whitsun",390,0.062,17,"American Pale Wheat Ale",12
"Black Star Double Hopped Golden Lager (24 oz.)",404,0.045,15,"American Pale Lager",24
"Black Star Double Hopped Golden Lager (12 oz.)",164,0.045,15,"American Pale Lager",12
"Pyramid Hefeweizen (2011)",399,0.052,18,"Hefeweizen",12
"Haywire Hefeweizen (2010)",82,0.052,18,"Hefeweizen",16
"Rumspringa Golden Bock",392,0.066,30,"Maibock / Helles Bock",12
"Lancaster German Style Kölsch",195,0.048,28,"Kölsch",12
"Common Sense Kentucky Common Ale",382,0.053,22,"American Brown Ale",16
"Upstate I.P.W.",381,0.065,70,"American IPA",12
